{"sources":[{"balance":0.5,"deinterlace_field_order":0,"deinterlace_mode":0,"enabled":true,"flags":0,"hotkeys":{"libobs.mute":[],"libobs.push-to-mute":[],"libobs.push-to-talk":[],"libobs.unmute":[]},"id":"browser_source","mixers":255,"monitoring_type":0,"muted":false,"name":"Chinese Proverbs","prev_ver":453050371,"private_settings":{},"push-to-mute":false,"push-to-mute-delay":0,"push-to-talk":false,"push-to-talk-delay":0,"settings":{"height":775,"is_local_file":false,"local_file":"C:/Users/prest/Desktop/OBS-Studio/Stream Resources/Browser Sources/chinese-proverbs/index.html","restart_when_active":true,"shutdown":true,"url":"file:///C:/Users/prest/Desktop/OBS-Studio/Stream%20Resources/Browser%20Sources/chinese-proverbs/index.html?user=TerrierDarts&targetUserProfileImageUrlEscaped=https://static-cdn.jtvnw.net/jtv_user_pictures/7ddceb50-1dbb-46c5-9c2c-1688f35a199d-profile_image-300x300.png&randomLine=Bad%20things%20never%20walk%20alone.","width":625},"sync":0,"versioned_id":"browser_source","volume":1.0},{"balance":0.5,"deinterlace_field_order":0,"deinterlace_mode":0,"enabled":true,"flags":0,"hotkeys":{"OBSBasic.SelectScene":[],"libobs.hide_scene_item.Chinese Proverbs":[],"libobs.show_scene_item.Chinese Proverbs":[]},"id":"scene","mixers":0,"monitoring_type":0,"muted":false,"name":"Chat Alerts","prev_ver":453050371,"private_settings":{"transition":"Move","transition_duration":750},"push-to-mute":false,"push-to-mute-delay":0,"push-to-talk":false,"push-to-talk-delay":0,"settings":{"custom_size":false,"id_counter":2,"items":[{"align":5,"bounds":{"x":0.0,"y":0.0},"bounds_align":0,"bounds_type":0,"crop_bottom":0,"crop_left":0,"crop_right":0,"crop_top":0,"group_item_backup":false,"hide_transition":{"duration":0},"id":2,"locked":true,"name":"Chinese Proverbs","pos":{"x":528.0,"y":0.0},"private_settings":{},"rot":0.0,"scale":{"x":1.3824000358581543,"y":1.3819354772567749},"scale_filter":"disable","show_transition":{"duration":0},"visible":false}],"notes":"<!DOCTYPE HTML PUBLIC \"-//W3C//DTD HTML 4.0//EN\" \"http://www.w3.org/TR/REC-html40/strict.dtd\">\n<html><head><meta name=\"qrichtext\" content=\"1\" /><style type=\"text/css\">\np, li { white-space: pre-wrap; }\n</style></head><body style=\" font-family:'MS Shell Dlg 2'; font-size:8.25pt; font-weight:400; font-style:normal;\">\n<p style=\"-qt-paragraph-type:empty; margin-top:0px; margin-bottom:0px; margin-left:0px; margin-right:0px; -qt-block-indent:0; text-indent:0px;\"><br /></p></body></html>"},"sync":0,"versioned_id":"scene","volume":1.0}]}