{"sources":[{"balance":0.5,"deinterlace_field_order":0,"deinterlace_mode":0,"enabled":true,"flags":0,"hotkeys":{},"id":"image_source","mixers":0,"monitoring_type":0,"muted":false,"name":"Screenshot 2021-12-08 14-24-24.png","prev_ver":453050371,"private_settings":{},"push-to-mute":false,"push-to-mute-delay":0,"push-to-talk":false,"push-to-talk-delay":0,"settings":{"file":"D:/Videos/YouTube/Recordings/Screenshot 2021-12-08 14-24-24.png"},"sync":0,"versioned_id":"image_source","volume":1.0},{"balance":0.5,"deinterlace_field_order":0,"deinterlace_mode":0,"enabled":true,"flags":0,"hotkeys":{},"id":"image_source","mixers":0,"monitoring_type":0,"muted":false,"name":"full-design.png","prev_ver":453050371,"private_settings":{},"push-to-mute":false,"push-to-mute-delay":0,"push-to-talk":false,"push-to-talk-delay":0,"settings":{"file":"D:/Videos/YouTube/OBS Current Overlay/clean design/polls overlay/full-design.png"},"sync":0,"versioned_id":"image_source","volume":1.0},{"balance":0.5,"deinterlace_field_order":0,"deinterlace_mode":0,"enabled":true,"filters":[{"balance":0.5,"deinterlace_field_order":0,"deinterlace_mode":0,"enabled":false,"flags":0,"hotkeys":{},"id":"crop_filter","mixers":0,"monitoring_type":0,"muted":false,"name":"Crop blue bar","prev_ver":453050371,"private_settings":{},"push-to-mute":false,"push-to-mute-delay":0,"push-to-talk":false,"push-to-talk-delay":0,"settings":{"X":50,"Y":0,"cx":170,"cy":17,"left":0,"relative":false,"right":0,"x":50,"y":0},"sync":0,"versioned_id":"crop_filter","volume":1.0}],"flags":0,"hotkeys":{},"id":"image_source","mixers":0,"monitoring_type":0,"muted":false,"name":"blue-progress-bar.png","prev_ver":453050371,"private_settings":{},"push-to-mute":false,"push-to-mute-delay":0,"push-to-talk":false,"push-to-talk-delay":0,"settings":{"file":"D:/Videos/YouTube/OBS Current Overlay/clean design/polls overlay/blue-progress-bar.png"},"sync":0,"versioned_id":"image_source","volume":1.0},{"balance":0.5,"deinterlace_field_order":0,"deinterlace_mode":0,"enabled":true,"filters":[{"balance":0.5,"deinterlace_field_order":0,"deinterlace_mode":0,"enabled":false,"flags":0,"hotkeys":{},"id":"crop_filter","mixers":0,"monitoring_type":0,"muted":false,"name":"Crop red prediction bar","prev_ver":453050371,"private_settings":{},"push-to-mute":false,"push-to-mute-delay":0,"push-to-talk":false,"push-to-talk-delay":0,"settings":{"left":27,"right":0,"top":0},"sync":0,"versioned_id":"crop_filter","volume":1.0}],"flags":0,"hotkeys":{},"id":"image_source","mixers":0,"monitoring_type":0,"muted":false,"name":"red-progress-bar.png","prev_ver":453050371,"private_settings":{},"push-to-mute":false,"push-to-mute-delay":0,"push-to-talk":false,"push-to-talk-delay":0,"settings":{"file":"D:/Videos/YouTube/OBS Current Overlay/clean design/polls overlay/red-progress-bar.png"},"sync":0,"versioned_id":"image_source","volume":1.0},{"balance":0.5,"deinterlace_field_order":0,"deinterlace_mode":0,"enabled":true,"flags":0,"hotkeys":{},"id":"image_source","mixers":0,"monitoring_type":0,"muted":false,"name":"vertical-grey-line.png","prev_ver":453050371,"private_settings":{},"push-to-mute":false,"push-to-mute-delay":0,"push-to-talk":false,"push-to-talk-delay":0,"settings":{"file":"D:/Videos/YouTube/OBS Current Overlay/clean design/polls overlay/vertical-grey-line.png"},"sync":0,"versioned_id":"image_source","volume":1.0},{"balance":0.5,"deinterlace_field_order":0,"deinterlace_mode":0,"enabled":true,"flags":0,"hotkeys":{},"id":"text_gdiplus","mixers":0,"monitoring_type":0,"muted":false,"name":"Percent blue","prev_ver":453050371,"private_settings":{},"push-to-mute":false,"push-to-mute-delay":0,"push-to-talk":false,"push-to-talk-delay":0,"settings":{"color":4294933048,"font":{"face":"BigNoodleTitling","flags":0,"size":35,"style":"Regular"},"text":"50%"},"sync":0,"versioned_id":"text_gdiplus_v2","volume":1.0},{"balance":0.5,"deinterlace_field_order":0,"deinterlace_mode":0,"enabled":true,"flags":0,"hotkeys":{},"id":"text_gdiplus","mixers":0,"monitoring_type":0,"muted":false,"name":"Percent red","prev_ver":453050371,"private_settings":{},"push-to-mute":false,"push-to-mute-delay":0,"push-to-talk":false,"push-to-talk-delay":0,"settings":{"align":"left","antialiasing":true,"bk_color":0,"bk_opacity":0,"chatlog_lines":6,"color":4288348405,"extents_cx":100,"extents_cy":100,"extents_wrap":true,"font":{"face":"BigNoodleTitling","flags":0,"size":35,"style":"Regular"},"gradient_color":16777215,"gradient_dir":90.0,"gradient_opacity":100,"opacity":100,"outline_color":16777215,"outline_opacity":100,"outline_size":2,"text":"50%","transform":0,"valign":"top"},"sync":0,"versioned_id":"text_gdiplus_v2","volume":1.0},{"balance":0.5,"deinterlace_field_order":0,"deinterlace_mode":0,"enabled":true,"flags":0,"hotkeys":{},"id":"text_gdiplus","mixers":0,"monitoring_type":0,"muted":false,"name":"Text blue","prev_ver":453050371,"private_settings":{},"push-to-mute":false,"push-to-mute-delay":0,"push-to-talk":false,"push-to-talk-delay":0,"settings":{"align":"right","color":4294933048,"font":{"face":"BigNoodleTitling","flags":0,"size":35,"style":"Regular"},"text":"Yes"},"sync":0,"versioned_id":"text_gdiplus_v2","volume":1.0},{"balance":0.5,"deinterlace_field_order":0,"deinterlace_mode":0,"enabled":true,"flags":0,"hotkeys":{},"id":"text_gdiplus","mixers":0,"monitoring_type":0,"muted":false,"name":"Text red","prev_ver":453050371,"private_settings":{},"push-to-mute":false,"push-to-mute-delay":0,"push-to-talk":false,"push-to-talk-delay":0,"settings":{"align":"left","antialiasing":true,"bk_color":0,"bk_opacity":0,"chatlog_lines":6,"color":4288348405,"extents_cx":100,"extents_cy":100,"extents_wrap":true,"font":{"face":"BigNoodleTitling","flags":0,"size":35,"style":"Regular"},"gradient_color":16777215,"gradient_dir":90.0,"gradient_opacity":100,"opacity":100,"outline_color":16777215,"outline_opacity":100,"outline_size":2,"text":"No","transform":0,"valign":"top"},"sync":0,"versioned_id":"text_gdiplus_v2","volume":1.0},{"balance":0.5,"deinterlace_field_order":0,"deinterlace_mode":0,"enabled":true,"flags":0,"hotkeys":{},"id":"text_gdiplus","mixers":0,"monitoring_type":0,"muted":false,"name":"Text prediction","prev_ver":453050371,"private_settings":{},"push-to-mute":false,"push-to-mute-delay":0,"push-to-talk":false,"push-to-talk-delay":0,"settings":{"align":"center","antialiasing":true,"bk_color":0,"bk_opacity":0,"chatlog_lines":6,"color":4294967295,"extents_cx":100,"extents_cy":100,"extents_wrap":true,"font":{"face":"BigNoodleTitling","flags":0,"size":35,"style":"Regular"},"gradient_color":16777215,"gradient_dir":90.0,"gradient_opacity":100,"opacity":100,"outline_color":16777215,"outline_opacity":100,"outline_size":2,"text":"Will we win the next match??","transform":0,"undo_sname":"Text prediction","valign":"top"},"sync":0,"versioned_id":"text_gdiplus_v2","volume":1.0},{"balance":0.5,"deinterlace_field_order":0,"deinterlace_mode":0,"enabled":true,"flags":0,"hotkeys":{"OBSBasic.SelectScene":[],"libobs.hide_scene_item.Percent blue":[],"libobs.hide_scene_item.Percent red":[],"libobs.hide_scene_item.Screenshot 2021-12-08 14-24-24.png":[],"libobs.hide_scene_item.Text blue":[],"libobs.hide_scene_item.Text prediction":[],"libobs.hide_scene_item.Text red":[],"libobs.hide_scene_item.blue-progress-bar.png":[],"libobs.hide_scene_item.full-design.png":[],"libobs.hide_scene_item.red-progress-bar.png":[],"libobs.hide_scene_item.vertical-grey-line.png":[],"libobs.show_scene_item.Percent blue":[],"libobs.show_scene_item.Percent red":[],"libobs.show_scene_item.Screenshot 2021-12-08 14-24-24.png":[],"libobs.show_scene_item.Text blue":[],"libobs.show_scene_item.Text prediction":[],"libobs.show_scene_item.Text red":[],"libobs.show_scene_item.blue-progress-bar.png":[],"libobs.show_scene_item.full-design.png":[],"libobs.show_scene_item.red-progress-bar.png":[],"libobs.show_scene_item.vertical-grey-line.png":[]},"id":"scene","mixers":0,"monitoring_type":0,"muted":false,"name":"Poll","prev_ver":453050371,"private_settings":{},"push-to-mute":false,"push-to-mute-delay":0,"push-to-talk":false,"push-to-talk-delay":0,"settings":{"custom_size":false,"id_counter":10,"items":[{"align":5,"bounds":{"x":0.0,"y":0.0},"bounds_align":0,"bounds_type":0,"crop_bottom":0,"crop_left":0,"crop_right":0,"crop_top":0,"group_item_backup":false,"hide_transition":{"duration":0},"id":1,"locked":false,"name":"Screenshot 2021-12-08 14-24-24.png","pos":{"x":0.0,"y":0.0},"private_settings":{},"rot":0.0,"scale":{"x":1.0,"y":1.0},"scale_filter":"disable","show_transition":{"duration":0},"visible":false},{"align":5,"bounds":{"x":0.0,"y":0.0},"bounds_align":0,"bounds_type":0,"crop_bottom":0,"crop_left":0,"crop_right":0,"crop_top":0,"group_item_backup":false,"hide_transition":{"duration":0},"id":2,"locked":false,"name":"full-design.png","pos":{"x":0.0,"y":0.0},"private_settings":{},"rot":0.0,"scale":{"x":1.0,"y":1.0},"scale_filter":"disable","show_transition":{"duration":0},"visible":false},{"align":2,"bounds":{"x":1.0,"y":1.0},"bounds_align":0,"bounds_type":0,"crop_bottom":0,"crop_left":0,"crop_right":0,"crop_top":0,"group_item_backup":false,"hide_transition":{"duration":750,"id":"swipe_transition","name":"blue-progress-bar.png Hide Transition","transition":{"direction":"up"},"versioned_id":"swipe_transition"},"id":3,"locked":false,"name":"blue-progress-bar.png","pos":{"x":366.0,"y":187.0},"private_settings":{},"rot":0.0,"scale":{"x":0.99415206909179688,"y":1.0},"scale_filter":"disable","show_transition":{"duration":750,"id":"swipe_transition","name":"blue-progress-bar.png Show Transition","transition":{"direction":"down"},"versioned_id":"swipe_transition"},"visible":false},{"align":1,"bounds":{"x":1.0,"y":1.0},"bounds_align":0,"bounds_type":0,"crop_bottom":0,"crop_left":0,"crop_right":0,"crop_top":0,"group_item_backup":false,"hide_transition":{"duration":750,"id":"swipe_transition","name":"red-progress-bar.png Hide Transition","transition":{"direction":"up"},"versioned_id":"swipe_transition"},"id":4,"locked":false,"name":"red-progress-bar.png","pos":{"x":403.0,"y":187.0},"private_settings":{},"rot":0.0,"scale":{"x":0.9941520094871521,"y":1.0},"scale_filter":"disable","show_transition":{"duration":750,"id":"swipe_transition","name":"red-progress-bar.png Show Transition","transition":{"direction":"down"},"versioned_id":"swipe_transition"},"visible":false},{"align":5,"bounds":{"x":0.0,"y":0.0},"bounds_align":0,"bounds_type":0,"crop_bottom":0,"crop_left":0,"crop_right":0,"crop_top":0,"group_item_backup":false,"hide_transition":{"duration":750,"id":"swipe_transition","name":"vertical-grey-line.png Hide Transition","transition":{"direction":"up"},"versioned_id":"swipe_transition"},"id":5,"locked":false,"name":"vertical-grey-line.png","pos":{"x":0.0,"y":0.0},"private_settings":{},"rot":0.0,"scale":{"x":1.0,"y":1.0},"scale_filter":"disable","show_transition":{"duration":750,"id":"swipe_transition","name":"vertical-grey-line.png Show Transition","transition":{"direction":"down"},"versioned_id":"swipe_transition"},"visible":false},{"align":2,"bounds":{"x":48.0,"y":66.0},"bounds_align":0,"bounds_type":0,"crop_bottom":0,"crop_left":0,"crop_right":0,"crop_top":0,"group_item_backup":false,"hide_transition":{"duration":750,"id":"swipe_transition","name":"Percent blue Hide Transition","transition":{"direction":"up"},"versioned_id":"swipe_transition"},"id":6,"locked":false,"name":"Percent blue","pos":{"x":368.0,"y":146.0},"private_settings":{},"rot":0.0,"scale":{"x":1.5,"y":1.5},"scale_filter":"disable","show_transition":{"duration":750,"id":"swipe_transition","name":"Percent blue Show Transition","transition":{"direction":"down"},"versioned_id":"swipe_transition"},"visible":false},{"align":1,"bounds":{"x":1.0,"y":1.0},"bounds_align":0,"bounds_type":0,"crop_bottom":0,"crop_left":0,"crop_right":0,"crop_top":0,"group_item_backup":false,"hide_transition":{"duration":750,"id":"swipe_transition","name":"Percent red Hide Transition","transition":{"direction":"up"},"versioned_id":"swipe_transition"},"id":7,"locked":false,"name":"Percent red","pos":{"x":403.0,"y":146.0},"private_settings":{},"rot":0.0,"scale":{"x":1.5,"y":1.5},"scale_filter":"disable","show_transition":{"duration":750,"id":"swipe_transition","name":"Percent red Show Transition","transition":{"direction":"down"},"versioned_id":"swipe_transition"},"visible":false},{"align":2,"bounds":{"x":1.0,"y":1.0},"bounds_align":0,"bounds_type":0,"crop_bottom":0,"crop_left":0,"crop_right":0,"crop_top":0,"group_item_backup":false,"hide_transition":{"duration":750,"id":"swipe_transition","name":"Text blue Hide Transition","transition":{"direction":"up"},"versioned_id":"swipe_transition"},"id":8,"locked":false,"name":"Text blue","pos":{"x":372.0,"y":90.0},"private_settings":{},"rot":0.0,"scale":{"x":1.5,"y":1.5},"scale_filter":"disable","show_transition":{"duration":750,"id":"swipe_transition","name":"Text blue Show Transition","transition":{"direction":"down"},"versioned_id":"swipe_transition"},"visible":false},{"align":1,"bounds":{"x":1.0,"y":1.0},"bounds_align":0,"bounds_type":0,"crop_bottom":0,"crop_left":0,"crop_right":0,"crop_top":0,"group_item_backup":false,"hide_transition":{"duration":750,"id":"swipe_transition","name":"Text red Hide Transition","transition":{"direction":"up"},"versioned_id":"swipe_transition"},"id":9,"locked":false,"name":"Text red","pos":{"x":400.0,"y":90.0},"private_settings":{},"rot":0.0,"scale":{"x":1.5,"y":1.5},"scale_filter":"disable","show_transition":{"duration":750,"id":"swipe_transition","name":"Text red Show Transition","transition":{"direction":"down"},"versioned_id":"swipe_transition"},"visible":false},{"align":0,"bounds":{"x":1.0,"y":1.0},"bounds_align":0,"bounds_type":0,"crop_bottom":0,"crop_left":0,"crop_right":0,"crop_top":0,"group_item_backup":false,"hide_transition":{"duration":750,"id":"swipe_transition","name":"Text prediction Hide Transition","transition":{"direction":"up"},"versioned_id":"swipe_transition"},"id":10,"locked":false,"name":"Text prediction","pos":{"x":384.0,"y":37.0},"private_settings":{},"rot":0.0,"scale":{"x":1.4428571462631226,"y":1.4444444179534912},"scale_filter":"disable","show_transition":{"duration":750,"id":"swipe_transition","name":"Text prediction Show Transition","transition":{"direction":"down","swipe_in":false},"versioned_id":"swipe_transition"},"visible":false}]},"sync":0,"versioned_id":"scene","volume":1.0}]}