{"sources":[{"balance":0.5,"deinterlace_field_order":0,"deinterlace_mode":0,"enabled":true,"flags":0,"hotkeys":{},"id":"text_gdiplus","mixers":0,"monitoring_type":0,"muted":false,"name":"Welcome - Minim - Message","prev_ver":452984833,"private_settings":{},"push-to-mute":false,"push-to-mute-delay":0,"push-to-talk":false,"push-to-talk-delay":0,"settings":{"bk_color":4294967295,"bk_opacity":100,"color":4278190080,"font":{"face":"Futura LtCn BT","flags":0,"size":76,"style":"Light"},"text":"Welcome to the stream my little ducky!"},"sync":0,"versioned_id":"text_gdiplus","volume":1.0},{"balance":0.5,"deinterlace_field_order":0,"deinterlace_mode":0,"enabled":true,"flags":0,"hotkeys":{},"id":"text_gdiplus","mixers":0,"monitoring_type":0,"muted":false,"name":"Welcome - Minim - Username","prev_ver":452984833,"private_settings":{},"push-to-mute":false,"push-to-mute-delay":0,"push-to-talk":false,"push-to-talk-delay":0,"settings":{"bk_color":4294967295,"bk_opacity":100,"color":4278190080,"font":{"face":"Futura MdCn BT","flags":0,"size":76,"style":"Medium"},"text":"Andilippi"},"sync":0,"versioned_id":"text_gdiplus","volume":1.0},{"balance":0.5,"deinterlace_field_order":0,"deinterlace_mode":0,"enabled":true,"flags":0,"hotkeys":{"libobs.mute":[],"libobs.push-to-mute":[],"libobs.push-to-talk":[],"libobs.unmute":[]},"id":"browser_source","mixers":255,"monitoring_type":0,"muted":false,"name":"Welcome - Minim - Profile Picture","prev_ver":452984833,"private_settings":{},"push-to-mute":false,"push-to-mute-delay":0,"push-to-talk":false,"push-to-talk-delay":0,"settings":{"css":"body { background-color: rgba(0, 0, 0, 0); margin: 0px auto; overflow: hidden; }","fps":30,"fps_custom":false,"height":150,"reroute_audio":false,"restart_when_active":false,"shutdown":false,"url":"https://static-cdn.jtvnw.net/jtv_user_pictures/5f376a71-6791-4ade-a149-1c421652b8d0-profile_image-300x300.png","width":150},"sync":0,"versioned_id":"browser_source","volume":1.0},{"balance":0.5,"deinterlace_field_order":0,"deinterlace_mode":0,"enabled":true,"flags":0,"hotkeys":{"OBSBasic.SelectScene":[],"libobs.hide_scene_item.Welcome - Minim - Message":[],"libobs.hide_scene_item.Welcome - Minim - Profile Picture":[],"libobs.hide_scene_item.Welcome - Minim - Username":[],"libobs.show_scene_item.Welcome - Minim - Message":[],"libobs.show_scene_item.Welcome - Minim - Profile Picture":[],"libobs.show_scene_item.Welcome - Minim - Username":[]},"id":"scene","mixers":0,"monitoring_type":0,"muted":false,"name":"Welcome - StreamUP - Minim","prev_ver":452984833,"private_settings":{"transition_duration":1000},"push-to-mute":false,"push-to-mute-delay":0,"push-to-talk":false,"push-to-talk-delay":0,"settings":{"custom_size":false,"id_counter":4,"items":[{"align":5,"bounds":{"x":0.0,"y":0.0},"bounds_align":0,"bounds_type":0,"crop_bottom":0,"crop_left":0,"crop_right":0,"crop_top":0,"group_item_backup":false,"hide_transition":{"duration":1000,"id":"slide_transition","name":"Welcome - Minim - Message Hide Transition","transition":{"direction":"left"},"versioned_id":"slide_transition"},"id":1,"locked":false,"name":"Welcome - Minim - Message","pos":{"x":149.0,"y":1004.0},"private_settings":{},"rot":0.0,"scale":{"x":1.0,"y":1.0},"scale_filter":"disable","show_transition":{"duration":1000,"id":"slide_transition","name":"Welcome - Minim - Message Show Transition","transition":{"direction":"right"},"versioned_id":"slide_transition"},"visible":false},{"align":5,"bounds":{"x":0.0,"y":0.0},"bounds_align":0,"bounds_type":0,"crop_bottom":3,"crop_left":0,"crop_right":0,"crop_top":0,"group_item_backup":false,"hide_transition":{"duration":1000,"id":"slide_transition","name":"Welcome - Minim - Username Hide Transition","transition":{"direction":"left"},"versioned_id":"slide_transition"},"id":2,"locked":false,"name":"Welcome - Minim - Username","pos":{"x":149.0,"y":932.0},"private_settings":{},"rot":0.0,"scale":{"x":1.0,"y":1.0},"scale_filter":"disable","show_transition":{"duration":1000,"id":"slide_transition","name":"Welcome - Minim - Username Show Transition","transition":{"direction":"right"},"versioned_id":"slide_transition"},"visible":false},{"align":9,"bounds":{"x":1.0,"y":1.0},"bounds_align":0,"bounds_type":0,"crop_bottom":0,"crop_left":0,"crop_right":0,"crop_top":0,"group_item_backup":false,"hide_transition":{"duration":1000,"id":"slide_transition","name":"Welcome - Minim - Profile Picture Hide Transition","transition":{"direction":"left"},"versioned_id":"slide_transition"},"id":3,"locked":false,"name":"Welcome - Minim - Profile Picture","pos":{"x":0.0,"y":1080.0},"private_settings":{},"rot":0.0,"scale":{"x":0.99299997091293335,"y":0.99299997091293335},"scale_filter":"disable","show_transition":{"duration":1000,"id":"slide_transition","name":"Welcome - Minim - Profile Picture Show Transition","transition":{"direction":"right"},"versioned_id":"slide_transition"},"visible":false}]},"sync":0,"versioned_id":"scene","volume":1.0}]}