{"sources":[{"balance":0.5,"deinterlace_field_order":0,"deinterlace_mode":0,"enabled":true,"flags":0,"hotkeys":{},"id":"phandasm_waveform_source","mixers":0,"monitoring_type":0,"muted":false,"name":"Waveform Visualizer 4","prev_ver":469762051,"private_settings":{},"push-to-mute":false,"push-to-mute-delay":0,"push-to-talk":false,"push-to-talk-delay":0,"settings":{"audio_source":"[ACS] Capture audio","bar_gap":2,"bar_width":10,"color_base":4294902015,"color_crest":4294967125,"cutoff_high":24000,"display_mode":"bars","fast_peaks":false,"fft_size":4096,"floor":0,"gravity":0.40000000000000002,"height":100,"interp_mode":"lanczos","render_mode":"gradient","rolloff_q":8.5899999999999999,"rolloff_rate":6.9400000000000004,"rounded_caps":false,"slope":10.0,"temporal_smoothing":"none","window":"blackman"},"sync":0,"versioned_id":"phandasm_waveform_source","volume":1.0},{"balance":0.5,"deinterlace_field_order":0,"deinterlace_mode":0,"enabled":true,"flags":0,"hotkeys":{},"id":"color_source","mixers":0,"monitoring_type":0,"muted":false,"name":"[CS] BACKGROUND SPOTIFY","prev_ver":469762051,"private_settings":{},"push-to-mute":false,"push-to-mute-delay":0,"push-to-talk":false,"push-to-talk-delay":0,"settings":{"color":3358007583,"height":100,"width":500},"sync":0,"versioned_id":"color_source_v3","volume":1.0},{"balance":0.5,"deinterlace_field_order":0,"deinterlace_mode":0,"enabled":true,"flags":0,"hotkeys":{},"id":"color_source","mixers":0,"monitoring_type":0,"muted":false,"name":"[CS] background progressBar","prev_ver":469762051,"private_settings":{},"push-to-mute":false,"push-to-mute-delay":0,"push-to-talk":false,"push-to-talk-delay":0,"settings":{"color":4286513237,"height":112,"width":112},"sync":0,"versioned_id":"color_source_v3","volume":1.0},{"balance":0.5,"deinterlace_field_order":0,"deinterlace_mode":0,"enabled":true,"filters":[{"balance":0.5,"deinterlace_field_order":0,"deinterlace_mode":0,"enabled":true,"flags":0,"hotkeys":{},"id":"streamfx-filter-transform","mixers":0,"monitoring_type":0,"muted":false,"name":"Transformation 3D","prev_ver":469762051,"private_settings":{},"push-to-mute":false,"push-to-mute-delay":0,"push-to-talk":false,"push-to-talk-delay":0,"settings":{"Commit":"g0ba2849d","Corners.BottomLeft.X":0.0,"Corners.BottomLeft.Y":100.0,"Corners.BottomRight.X":0.0,"Corners.BottomRight.Y":100.0,"Corners.TopLeft.X":-0.029999999999999999,"Corners.TopLeft.Y":0.0,"Corners.TopRight.X":0.0,"Corners.TopRight.Y":0.0,"Version":51539607669},"sync":0,"versioned_id":"streamfx-filter-transform","volume":1.0},{"balance":0.5,"deinterlace_field_order":0,"deinterlace_mode":0,"enabled":false,"flags":0,"hotkeys":{},"id":"move_value_filter","mixers":0,"monitoring_type":0,"muted":false,"name":"0%","prev_ver":469762051,"private_settings":{},"push-to-mute":false,"push-to-mute-delay":0,"push-to-talk":false,"push-to-talk-delay":0,"settings":{"Corners.BottomLeft.X":0.0,"Corners.BottomLeft.Y":0.0,"Corners.BottomRight.X":0.0,"Corners.BottomRight.Y":0.0,"Corners.TopLeft.X":0.0,"Corners.TopLeft.Y":-100.0,"Corners.TopRight.X":0.0,"Corners.TopRight.Y":-100.0,"easing_match":0,"filter":"Transformation 3D","move_value_type":1,"next_move":"0 % > 12.5 %","value_type":0},"sync":0,"versioned_id":"move_value_filter","volume":1.0},{"balance":0.5,"deinterlace_field_order":0,"deinterlace_mode":0,"enabled":false,"flags":0,"hotkeys":{},"id":"move_value_filter","mixers":0,"monitoring_type":0,"muted":false,"name":"0 % > 12.5 %","prev_ver":469762051,"private_settings":{},"push-to-mute":false,"push-to-mute-delay":0,"push-to-talk":false,"push-to-talk-delay":0,"settings":{"Corners.BottomLeft.X":100,"Corners.BottomLeft.Y":-100,"Corners.BottomRight.X":0,"Corners.BottomRight.Y":0,"Corners.TopLeft.X":100,"Corners.TopLeft.Y":-100,"Corners.TopRight.X":0,"Corners.TopRight.Y":-100,"duration":30474,"easing_match":0,"filter":"Transformation 3D","move_value_type":1,"next_move":"12.5 % > 25 %","start_delay":0,"value_type":0},"sync":0,"versioned_id":"move_value_filter","volume":1.0},{"balance":0.5,"deinterlace_field_order":0,"deinterlace_mode":0,"enabled":false,"flags":0,"hotkeys":{},"id":"move_value_filter","mixers":0,"monitoring_type":0,"muted":false,"name":"12.5 % > 25 %","prev_ver":469762051,"private_settings":{},"push-to-mute":false,"push-to-mute-delay":0,"push-to-talk":false,"push-to-talk-delay":0,"settings":{"Corners.BottomLeft.X":100,"Corners.BottomLeft.Y":0,"Corners.BottomRight.X":0,"Corners.BottomRight.Y":0,"Corners.TopLeft.X":100,"Corners.TopLeft.Y":-100,"Corners.TopRight.X":0,"Corners.TopRight.Y":-100,"duration":30474,"easing_match":0,"filter":"Transformation 3D","move_value_type":1,"next_move":"25 % > 37.5 %","start_delay":0,"value_type":0},"sync":0,"versioned_id":"move_value_filter","volume":1.0},{"balance":0.5,"deinterlace_field_order":0,"deinterlace_mode":0,"enabled":false,"flags":0,"hotkeys":{},"id":"move_value_filter","mixers":0,"monitoring_type":0,"muted":false,"name":"25 % > 37.5 %","prev_ver":469762051,"private_settings":{},"push-to-mute":false,"push-to-mute-delay":0,"push-to-talk":false,"push-to-talk-delay":0,"settings":{"Corners.BottomLeft.X":100,"Corners.BottomLeft.Y":100,"Corners.BottomRight.X":100,"Corners.BottomRight.Y":100,"Corners.TopLeft.X":100,"Corners.TopLeft.Y":-100,"Corners.TopRight.X":0,"Corners.TopRight.Y":-100,"duration":30474,"easing_match":0,"filter":"Transformation 3D","move_value_type":1,"next_move":"37.5 % > 50 %","start_delay":0,"value_type":0},"sync":0,"versioned_id":"move_value_filter","volume":1.0},{"balance":0.5,"deinterlace_field_order":0,"deinterlace_mode":0,"enabled":false,"flags":0,"hotkeys":{},"id":"move_value_filter","mixers":0,"monitoring_type":0,"muted":false,"name":"37.5 % > 50 %","prev_ver":469762051,"private_settings":{},"push-to-mute":false,"push-to-mute-delay":0,"push-to-talk":false,"push-to-talk-delay":0,"settings":{"Corners.BottomLeft.X":100,"Corners.BottomLeft.Y":100,"Corners.BottomRight.X":0,"Corners.BottomRight.Y":100,"Corners.TopLeft.X":100,"Corners.TopLeft.Y":-100,"Corners.TopRight.X":0,"Corners.TopRight.Y":-100,"duration":30474,"easing_match":0,"filter":"Transformation 3D","move_value_type":1,"next_move":"50 % > 0","start_delay":0,"value_type":0},"sync":0,"versioned_id":"move_value_filter","volume":1.0},{"balance":0.5,"deinterlace_field_order":0,"deinterlace_mode":0,"enabled":false,"flags":0,"hotkeys":{},"id":"move_value_filter","mixers":0,"monitoring_type":0,"muted":false,"name":"50 % > 0","prev_ver":469762051,"private_settings":{},"push-to-mute":false,"push-to-mute-delay":0,"push-to-talk":false,"push-to-talk-delay":0,"settings":{"Corners.BottomLeft.X":0,"Corners.BottomLeft.Y":100,"Corners.BottomRight.X":0,"Corners.BottomRight.Y":100,"Corners.TopLeft.X":-0.029999999999999999,"Corners.TopLeft.Y":0,"Corners.TopRight.X":0,"Corners.TopRight.Y":0,"duration":10,"filter":"Transformation 3D","move_value_type":1,"start_delay":121896,"value_type":0},"sync":0,"versioned_id":"move_value_filter","volume":1.0},{"balance":0.5,"deinterlace_field_order":0,"deinterlace_mode":0,"enabled":true,"flags":0,"hotkeys":{},"id":"color_filter","mixers":0,"monitoring_type":0,"muted":false,"name":"Corrections colorimétrique","prev_ver":469762051,"private_settings":{},"push-to-mute":false,"push-to-mute-delay":0,"push-to-talk":false,"push-to-talk-delay":0,"settings":{"opacity":0.49149999999999999},"sync":0,"versioned_id":"color_filter_v2","volume":1.0}],"flags":0,"hotkeys":{"0 % > 12.5 %":[],"0%":[],"12.5 % > 25 %":[],"25 % > 37.5 %":[],"37.5 % > 50 %":[],"50 % > 0":[]},"id":"color_source","mixers":0,"monitoring_type":0,"muted":false,"name":"[CS] 1stHalf-progressBar","prev_ver":469762051,"private_settings":{},"push-to-mute":false,"push-to-mute-delay":0,"push-to-talk":false,"push-to-talk-delay":0,"settings":{"color":4294967125,"height":112,"width":112},"sync":0,"versioned_id":"color_source_v3","volume":1.0},{"balance":0.5,"deinterlace_field_order":0,"deinterlace_mode":0,"enabled":true,"filters":[{"balance":0.5,"deinterlace_field_order":0,"deinterlace_mode":0,"enabled":true,"flags":0,"hotkeys":{},"id":"streamfx-filter-transform","mixers":0,"monitoring_type":0,"muted":false,"name":"Transformation 3D","prev_ver":469762051,"private_settings":{},"push-to-mute":false,"push-to-mute-delay":0,"push-to-talk":false,"push-to-talk-delay":0,"settings":{"Commit":"g0ba2849d","Corners.BottomLeft.X":0.0,"Corners.BottomLeft.Y":100.0,"Corners.BottomRight.X":0.0,"Corners.BottomRight.Y":100.0,"Corners.TopLeft.X":-0.029999999999999999,"Corners.TopLeft.Y":0.0,"Corners.TopRight.X":0.0,"Corners.TopRight.Y":0.0,"Version":51539607669},"sync":0,"versioned_id":"streamfx-filter-transform","volume":1.0},{"balance":0.5,"deinterlace_field_order":0,"deinterlace_mode":0,"enabled":false,"flags":0,"hotkeys":{},"id":"move_value_filter","mixers":0,"monitoring_type":0,"muted":false,"name":"0%","prev_ver":469762051,"private_settings":{},"push-to-mute":false,"push-to-mute-delay":0,"push-to-talk":false,"push-to-talk-delay":0,"settings":{"Corners.BottomLeft.X":0.0,"Corners.BottomLeft.Y":0.0,"Corners.BottomRight.X":0.0,"Corners.BottomRight.Y":0.0,"Corners.TopLeft.X":0.0,"Corners.TopLeft.Y":-100.0,"Corners.TopRight.X":0.0,"Corners.TopRight.Y":-100.0,"easing_match":0,"filter":"Transformation 3D","move_value_type":1,"next_move":"0 % > 12.5 %","value_type":0},"sync":0,"versioned_id":"move_value_filter","volume":1.0},{"balance":0.5,"deinterlace_field_order":0,"deinterlace_mode":0,"enabled":false,"flags":0,"hotkeys":{},"id":"move_value_filter","mixers":0,"monitoring_type":0,"muted":false,"name":"0 % > 12.5 %","prev_ver":469762051,"private_settings":{},"push-to-mute":false,"push-to-mute-delay":0,"push-to-talk":false,"push-to-talk-delay":0,"settings":{"Corners.BottomLeft.X":100,"Corners.BottomLeft.Y":-100,"Corners.BottomRight.X":0,"Corners.BottomRight.Y":0,"Corners.TopLeft.X":100,"Corners.TopLeft.Y":-100,"Corners.TopRight.X":0,"Corners.TopRight.Y":-100,"duration":30474,"easing_match":0,"filter":"Transformation 3D","move_value_type":1,"next_move":"12.5 % > 25 %","start_delay":0,"value_type":0},"sync":0,"versioned_id":"move_value_filter","volume":1.0},{"balance":0.5,"deinterlace_field_order":0,"deinterlace_mode":0,"enabled":false,"flags":0,"hotkeys":{},"id":"move_value_filter","mixers":0,"monitoring_type":0,"muted":false,"name":"12.5 % > 25 %","prev_ver":469762051,"private_settings":{},"push-to-mute":false,"push-to-mute-delay":0,"push-to-talk":false,"push-to-talk-delay":0,"settings":{"Corners.BottomLeft.X":100,"Corners.BottomLeft.Y":0,"Corners.BottomRight.X":0,"Corners.BottomRight.Y":0,"Corners.TopLeft.X":100,"Corners.TopLeft.Y":-100,"Corners.TopRight.X":0,"Corners.TopRight.Y":-100,"duration":30474,"easing_match":0,"filter":"Transformation 3D","move_value_type":1,"next_move":"25 % > 37.5 %","start_delay":0,"value_type":0},"sync":0,"versioned_id":"move_value_filter","volume":1.0},{"balance":0.5,"deinterlace_field_order":0,"deinterlace_mode":0,"enabled":false,"flags":0,"hotkeys":{},"id":"move_value_filter","mixers":0,"monitoring_type":0,"muted":false,"name":"25 % > 37.5 %","prev_ver":469762051,"private_settings":{},"push-to-mute":false,"push-to-mute-delay":0,"push-to-talk":false,"push-to-talk-delay":0,"settings":{"Corners.BottomLeft.X":100,"Corners.BottomLeft.Y":100,"Corners.BottomRight.X":100,"Corners.BottomRight.Y":100,"Corners.TopLeft.X":100,"Corners.TopLeft.Y":-100,"Corners.TopRight.X":0,"Corners.TopRight.Y":-100,"duration":30474,"easing_match":0,"filter":"Transformation 3D","move_value_type":1,"next_move":"37.5 % > 50 %","start_delay":0,"value_type":0},"sync":0,"versioned_id":"move_value_filter","volume":1.0},{"balance":0.5,"deinterlace_field_order":0,"deinterlace_mode":0,"enabled":false,"flags":0,"hotkeys":{},"id":"move_value_filter","mixers":0,"monitoring_type":0,"muted":false,"name":"37.5 % > 50 %","prev_ver":469762051,"private_settings":{},"push-to-mute":false,"push-to-mute-delay":0,"push-to-talk":false,"push-to-talk-delay":0,"settings":{"Corners.BottomLeft.X":100,"Corners.BottomLeft.Y":100,"Corners.BottomRight.X":0,"Corners.BottomRight.Y":100,"Corners.TopLeft.X":100,"Corners.TopLeft.Y":-100,"Corners.TopRight.X":0,"Corners.TopRight.Y":-100,"duration":30474,"easing_match":0,"filter":"Transformation 3D","move_value_type":1,"next_move":"50 % > 0 %","start_delay":0,"value_type":0},"sync":0,"versioned_id":"move_value_filter","volume":1.0},{"balance":0.5,"deinterlace_field_order":0,"deinterlace_mode":0,"enabled":false,"flags":0,"hotkeys":{},"id":"move_value_filter","mixers":0,"monitoring_type":0,"muted":false,"name":"50 % > 0 %","prev_ver":469762051,"private_settings":{},"push-to-mute":false,"push-to-mute-delay":0,"push-to-talk":false,"push-to-talk-delay":0,"settings":{"Corners.BottomLeft.X":0,"Corners.BottomLeft.Y":100,"Corners.BottomRight.X":0,"Corners.BottomRight.Y":100,"Corners.TopLeft.X":-0.029999999999999999,"Corners.TopLeft.Y":0,"Corners.TopRight.X":0,"Corners.TopRight.Y":0,"duration":10,"filter":"Transformation 3D","move_value_type":1,"start_delay":0,"value_type":0},"sync":0,"versioned_id":"move_value_filter","volume":1.0},{"balance":0.5,"deinterlace_field_order":0,"deinterlace_mode":0,"enabled":true,"flags":0,"hotkeys":{},"id":"color_filter","mixers":0,"monitoring_type":0,"muted":false,"name":"Corrections colorimétrique","prev_ver":469762051,"private_settings":{},"push-to-mute":false,"push-to-mute-delay":0,"push-to-talk":false,"push-to-talk-delay":0,"settings":{"opacity":0.49149999999999999},"sync":0,"versioned_id":"color_filter_v2","volume":1.0}],"flags":0,"hotkeys":{"0 % > 12.5 %":[],"0%":[],"12.5 % > 25 %":[],"25 % > 37.5 %":[],"37.5 % > 50 %":[],"50 % > 0 %":[]},"id":"color_source","mixers":0,"monitoring_type":0,"muted":false,"name":"[CS] 2ndHalf-progressBar","prev_ver":469762051,"private_settings":{},"push-to-mute":false,"push-to-mute-delay":0,"push-to-talk":false,"push-to-talk-delay":0,"settings":{"color":4294967125,"height":112,"width":112},"sync":0,"versioned_id":"color_source_v3","volume":1.0},{"balance":0.5,"deinterlace_field_order":0,"deinterlace_mode":0,"enabled":true,"filters":[{"balance":0.5,"deinterlace_field_order":0,"deinterlace_mode":0,"enabled":true,"flags":0,"hotkeys":{},"id":"scroll_filter","mixers":0,"monitoring_type":0,"muted":false,"name":"Défilement","prev_ver":469762051,"private_settings":{},"push-to-mute":false,"push-to-mute-delay":0,"push-to-talk":false,"push-to-talk-delay":0,"settings":{"cx":400,"limit_cx":true,"speed_x":56.0},"sync":0,"versioned_id":"scroll_filter","volume":1.0}],"flags":0,"hotkeys":{},"id":"text_gdiplus","mixers":0,"monitoring_type":0,"muted":false,"name":"[TS] next Artist + Song","prev_ver":469762051,"private_settings":{},"push-to-mute":false,"push-to-mute-delay":0,"push-to-talk":false,"push-to-talk-delay":0,"settings":{"extents":true,"extents_cx":1600,"extents_cy":50,"font":{"face":"Poxel Font","flags":0,"size":36,"style":"Regular"},"text":"!sLike  !sLink  !songOut"},"sync":0,"versioned_id":"text_gdiplus_v2","volume":1.0},{"balance":0.5,"deinterlace_field_order":0,"deinterlace_mode":0,"enabled":true,"filters":[{"balance":0.5,"deinterlace_field_order":0,"deinterlace_mode":0,"enabled":false,"flags":0,"hotkeys":{},"id":"scale_to_sound","mixers":0,"monitoring_type":0,"muted":false,"name":"Scale To Sound","prev_ver":469762051,"private_settings":{},"push-to-mute":false,"push-to-mute-delay":0,"push-to-talk":false,"push-to-talk-delay":0,"settings":{"STS_AUDSRC":"Capture audio d'application (BETA)"},"sync":0,"versioned_id":"scale_to_sound","volume":1.0}],"flags":0,"hotkeys":{},"id":"text_gdiplus","mixers":0,"monitoring_type":0,"muted":false,"name":"[TS] next song ►","prev_ver":469762051,"private_settings":{},"push-to-mute":false,"push-to-mute-delay":0,"push-to-talk":false,"push-to-talk-delay":0,"settings":{"color":16711935,"font":{"face":"Webdings","flags":0,"size":36,"style":"Normal"},"text":":"},"sync":0,"versioned_id":"text_gdiplus_v2","volume":1.0},{"balance":0.5,"deinterlace_field_order":0,"deinterlace_mode":0,"enabled":true,"filters":[{"balance":0.5,"deinterlace_field_order":0,"deinterlace_mode":0,"enabled":true,"flags":0,"hotkeys":{},"id":"scroll_filter","mixers":0,"monitoring_type":0,"muted":false,"name":"Défilement","prev_ver":469762051,"private_settings":{},"push-to-mute":false,"push-to-mute-delay":0,"push-to-talk":false,"push-to-talk-delay":0,"settings":{"cx":500,"limit_cx":true,"speed_x":50.0},"sync":0,"versioned_id":"scroll_filter","volume":1.0},{"balance":0.5,"deinterlace_field_order":0,"deinterlace_mode":0,"enabled":true,"flags":0,"hotkeys":{},"id":"streamfx-filter-sdf-effects","mixers":0,"monitoring_type":0,"muted":false,"name":"SDF Effects","prev_ver":469762051,"private_settings":{},"push-to-mute":false,"push-to-mute-delay":0,"push-to-talk":false,"push-to-talk-delay":0,"settings":{"Commit":"g0ba2849d","Filter.SDFEffects.Shadow.Outer":true,"Version":51539607669},"sync":0,"versioned_id":"streamfx-filter-sdf-effects","volume":1.0}],"flags":0,"hotkeys":{},"id":"text_gdiplus","mixers":0,"monitoring_type":0,"muted":false,"name":"[TS] songName","prev_ver":469762051,"private_settings":{},"push-to-mute":false,"push-to-mute-delay":0,"push-to-talk":false,"push-to-talk-delay":0,"settings":{"color":16777045,"extents":true,"extents_cx":600,"extents_cy":50,"font":{"face":"Poxel Font","flags":0,"size":48,"style":"Regular"},"text":"V2"},"sync":0,"versioned_id":"text_gdiplus_v2","volume":1.0},{"balance":0.5,"deinterlace_field_order":0,"deinterlace_mode":0,"enabled":true,"flags":0,"hotkeys":{},"id":"text_gdiplus","mixers":0,"monitoring_type":0,"muted":false,"name":"[TS] artistName","prev_ver":469762051,"private_settings":{},"push-to-mute":false,"push-to-mute-delay":0,"push-to-talk":false,"push-to-talk-delay":0,"settings":{"align":"center","extents":true,"extents_cx":500,"extents_cy":50,"font":{"face":"Poxel Font","flags":0,"size":48,"style":"Regular"},"text":"SPOT TO SB"},"sync":0,"versioned_id":"text_gdiplus_v2","volume":1.0},{"balance":0.5,"deinterlace_field_order":0,"deinterlace_mode":0,"enabled":true,"flags":0,"hotkeys":{"libobs.mute":[],"libobs.push-to-mute":[],"libobs.push-to-talk":[],"libobs.unmute":[]},"id":"wasapi_process_output_capture","mixers":255,"monitoring_type":2,"muted":false,"name":"[ACS] Audio Capture","prev_ver":469762051,"private_settings":{},"push-to-mute":false,"push-to-mute-delay":0,"push-to-talk":false,"push-to-talk-delay":0,"settings":{"priority":2,"window":"Spotify Premium:Chrome_WidgetWin_0:Spotify.exe"},"sync":0,"versioned_id":"wasapi_process_output_capture","volume":0.00036656725569628179},{"balance":0.5,"deinterlace_field_order":0,"deinterlace_mode":0,"enabled":true,"filters":[{"balance":0.5,"deinterlace_field_order":0,"deinterlace_mode":0,"enabled":false,"flags":0,"hotkeys":{},"id":"shader_filter","mixers":0,"monitoring_type":0,"muted":false,"name":"User-defined shader 2","prev_ver":469762051,"private_settings":{},"push-to-mute":false,"push-to-mute-delay":0,"push-to-talk":false,"push-to-talk-delay":0,"settings":{"corner_radius":150,"from_file":true,"shader_file_name":"C:/Program Files/obs-studio/data/obs-plugins/obs-shaderfilter/examples/rounded_rect.shader"},"sync":0,"versioned_id":"shader_filter","volume":1.0}],"flags":0,"hotkeys":{"ObsBrowser.Refresh":[],"libobs.mute":[],"libobs.push-to-mute":[],"libobs.push-to-talk":[],"libobs.unmute":[]},"id":"browser_source","mixers":255,"monitoring_type":0,"muted":false,"name":"[BS] artworkUrl","prev_ver":469762051,"private_settings":{},"push-to-mute":false,"push-to-mute-delay":0,"push-to-talk":false,"push-to-talk-delay":0,"settings":{"css":"body { background-color: #00000000; margin: 0px auto; overflow: hidden; }","height":300,"restart_when_active":true,"shutdown":true,"url":"https://spottosb.pagesperso-orange.fr/spottosb/images/spottosb.png","width":300},"sync":0,"versioned_id":"browser_source","volume":1.0},{"balance":0.5,"deinterlace_field_order":0,"deinterlace_mode":0,"enabled":true,"filters":[{"balance":0.5,"deinterlace_field_order":0,"deinterlace_mode":0,"enabled":false,"flags":0,"hotkeys":{},"id":"move_source_filter","mixers":0,"monitoring_type":0,"muted":false,"name":"Move Source","prev_ver":469762051,"private_settings":{},"push-to-mute":false,"push-to-mute-delay":0,"push-to-talk":false,"push-to-talk-delay":0,"settings":{"bounds":{"x":0.0,"x_sign":" ","y":0.0,"y_sign":" "},"crop":{"bottom":0.0,"bottom_sign":" ","left":0.0,"left_sign":" ","right":0.0,"right_sign":" ","top":0.0,"top_sign":" "},"duration":121896,"next_move":"Move Source 2","pos":{"x":589.0,"x_sign":" ","y":484.0,"y_sign":" "},"rot":0.0,"rot_sign":" ","scale":{"x":1.0,"x_sign":" ","y":1.0,"y_sign":" "},"simultaneous_move":"0%","source":"[CS] 1stHalf-progressBar","transform_text":"pos: x 589.0 y 484.0 rot: 0.0 scale: x 1.000 y 1.000 crop: l 0 t 0 r 0 b 0"},"sync":0,"versioned_id":"move_source_filter","volume":1.0},{"balance":0.5,"deinterlace_field_order":0,"deinterlace_mode":0,"enabled":false,"flags":0,"hotkeys":{},"id":"move_source_filter","mixers":0,"monitoring_type":0,"muted":false,"name":"Move Source 2","prev_ver":469762051,"private_settings":{},"push-to-mute":false,"push-to-mute-delay":0,"push-to-talk":false,"push-to-talk-delay":0,"settings":{"bounds":{"x":0.0,"x_sign":" ","y":0.0,"y_sign":" "},"crop":{"bottom":0.0,"bottom_sign":" ","left":0.0,"left_sign":" ","right":0.0,"right_sign":" ","top":0.0,"top_sign":" "},"duration":10,"pos":{"x":702.0,"x_sign":" ","y":596.0,"y_sign":" "},"rot":0.0,"rot_sign":" ","scale":{"x":-1.0,"x_sign":" ","y":-1.0,"y_sign":" "},"simultaneous_move":"0%","source":"[CS] 2ndHalf-progressBar","transform_text":"pos: x 702.0 y 596.0 rot: 0.0 scale: x -1.000 y -1.000 crop: l 0 t 0 r 0 b 0"},"sync":0,"versioned_id":"move_source_filter","volume":1.0},{"balance":0.5,"deinterlace_field_order":0,"deinterlace_mode":0,"enabled":false,"flags":0,"hotkeys":{},"id":"move_value_filter","mixers":0,"monitoring_type":0,"muted":false,"name":"flip off","prev_ver":469762051,"private_settings":{},"push-to-mute":false,"push-to-mute-delay":0,"push-to-talk":false,"push-to-talk-delay":0,"settings":{"Camera.FieldOfView":90.0,"Position.X":0.0,"Position.Y":0.0,"Position.Z":0.0,"Rotation.X":90.0,"Rotation.Y":0.0,"Rotation.Z":0.0,"Scale.X":100.0,"Scale.Y":100.0,"Shear.X":0.0,"Shear.Y":0.0,"filter":"3D Transform","move_value_type":1,"value_type":0},"sync":0,"versioned_id":"move_value_filter","volume":1.0},{"balance":0.5,"deinterlace_field_order":0,"deinterlace_mode":0,"enabled":false,"flags":0,"hotkeys":{},"id":"move_value_filter","mixers":0,"monitoring_type":0,"muted":false,"name":"flip on","prev_ver":469762051,"private_settings":{},"push-to-mute":false,"push-to-mute-delay":0,"push-to-talk":false,"push-to-talk-delay":0,"settings":{"Camera.FieldOfView":90.0,"Position.X":0.0,"Position.Y":0.0,"Position.Z":0.0,"Rotation.X":0.0,"Rotation.Y":0.0,"Rotation.Z":0.0,"Scale.X":100.0,"Scale.Y":100.0,"Shear.X":0.0,"Shear.Y":0.0,"duration":3000,"filter":"3D Transform","move_value_type":1,"value_type":0},"sync":0,"versioned_id":"move_value_filter","volume":1.0},{"balance":0.5,"deinterlace_field_order":0,"deinterlace_mode":0,"enabled":true,"flags":0,"hotkeys":{},"id":"streamfx-filter-transform","mixers":0,"monitoring_type":0,"muted":false,"name":"3D Transform","prev_ver":469762051,"private_settings":{},"push-to-mute":false,"push-to-mute-delay":0,"push-to-talk":false,"push-to-talk-delay":0,"settings":{"Camera.FieldOfView":90.0,"Camera.Mode":1,"Commit":"g0ba2849d","Position.X":0.0,"Position.Y":0.0,"Position.Z":0.0,"Rotation.X":0.0,"Rotation.Y":0.0,"Rotation.Z":0.0,"Scale.X":100.0,"Scale.Y":100.0,"Shear.X":0.0,"Shear.Y":0.0,"Version":51539607669},"sync":0,"versioned_id":"streamfx-filter-transform","volume":1.0}],"flags":0,"hotkeys":{"OBSBasic.SelectScene":[],"flip off":[],"flip on":[],"libobs.hide_scene_item.Waveform Visualizer 4":[],"libobs.hide_scene_item.[ACS] Audio Capture":[],"libobs.hide_scene_item.[BS] artworkUrl":[],"libobs.hide_scene_item.[CS] 1stHalf-progressBar":[],"libobs.hide_scene_item.[CS] 2ndHalf-progressBar":[],"libobs.hide_scene_item.[CS] BACKGROUND SPOTIFY":[],"libobs.hide_scene_item.[CS] background progressBar":[],"libobs.hide_scene_item.[TS] artistName":[],"libobs.hide_scene_item.[TS] next Artist + Song":[],"libobs.hide_scene_item.[TS] next song ►":[],"libobs.hide_scene_item.[TS] songName":[],"libobs.show_scene_item.Waveform Visualizer 4":[],"libobs.show_scene_item.[ACS] Audio Capture":[],"libobs.show_scene_item.[BS] artworkUrl":[],"libobs.show_scene_item.[CS] 1stHalf-progressBar":[],"libobs.show_scene_item.[CS] 2ndHalf-progressBar":[],"libobs.show_scene_item.[CS] BACKGROUND SPOTIFY":[],"libobs.show_scene_item.[CS] background progressBar":[],"libobs.show_scene_item.[TS] artistName":[],"libobs.show_scene_item.[TS] next Artist + Song":[],"libobs.show_scene_item.[TS] next song ►":[],"libobs.show_scene_item.[TS] songName":[]},"id":"scene","mixers":0,"monitoring_type":0,"muted":false,"name":"[NS] SPOTIFY","prev_ver":469762051,"private_settings":{},"push-to-mute":false,"push-to-mute-delay":0,"push-to-talk":false,"push-to-talk-delay":0,"settings":{"custom_size":false,"id_counter":26,"items":[{"align":5,"blend_method":"default","blend_type":"normal","bounds":{"x":0.0,"y":0.0},"bounds_align":0,"bounds_type":0,"crop_bottom":0,"crop_left":0,"crop_right":0,"crop_top":0,"group_item_backup":false,"hide_transition":{"duration":0},"id":24,"locked":false,"name":"Waveform Visualizer 4","pos":{"x":703.0,"y":528.0},"private_settings":{},"rot":0.0,"scale":{"x":0.62374997138977051,"y":0.62222224473953247},"scale_filter":"disable","show_transition":{"duration":0},"visible":true},{"align":5,"blend_method":"default","blend_type":"normal","bounds":{"x":0.0,"y":0.0},"bounds_align":0,"bounds_type":0,"crop_bottom":0,"crop_left":0,"crop_right":0,"crop_top":0,"group_item_backup":false,"hide_transition":{"duration":0},"id":1,"locked":false,"name":"[CS] BACKGROUND SPOTIFY","pos":{"x":700.0,"y":491.0},"private_settings":{},"rot":0.0,"scale":{"x":1.003636360168457,"y":1.0},"scale_filter":"disable","show_transition":{"duration":0},"visible":true},{"align":5,"blend_method":"default","blend_type":"normal","bounds":{"x":0.0,"y":0.0},"bounds_align":0,"bounds_type":0,"crop_bottom":0,"crop_left":0,"crop_right":0,"crop_top":0,"group_item_backup":false,"hide_transition":{"duration":0},"id":17,"locked":true,"name":"[CS] background progressBar","pos":{"x":590.0,"y":484.0},"private_settings":{},"rot":0.0,"scale":{"x":1.0,"y":1.0},"scale_filter":"disable","show_transition":{"duration":0},"visible":true},{"align":5,"blend_method":"default","blend_type":"normal","bounds":{"x":0.0,"y":0.0},"bounds_align":0,"bounds_type":0,"crop_bottom":0,"crop_left":0,"crop_right":0,"crop_top":0,"group_item_backup":false,"hide_transition":{"duration":0},"id":13,"locked":true,"name":"[CS] 1stHalf-progressBar","pos":{"x":589.0,"y":484.0},"private_settings":{},"rot":0.0,"scale":{"x":1.0,"y":1.0},"scale_filter":"disable","show_transition":{"duration":0},"visible":true},{"align":5,"blend_method":"default","blend_type":"normal","bounds":{"x":0.0,"y":0.0},"bounds_align":0,"bounds_type":0,"crop_bottom":0,"crop_left":0,"crop_right":0,"crop_top":0,"group_item_backup":false,"hide_transition":{"duration":0},"id":14,"locked":true,"name":"[CS] 2ndHalf-progressBar","pos":{"x":702.0,"y":596.0},"private_settings":{},"rot":0.0,"scale":{"x":-1.0,"y":-1.0},"scale_filter":"disable","show_transition":{"duration":0},"visible":true},{"align":5,"blend_method":"default","blend_type":"normal","bounds":{"x":0.0,"y":0.0},"bounds_align":0,"bounds_type":0,"crop_bottom":0,"crop_left":0,"crop_right":0,"crop_top":0,"group_item_backup":false,"hide_transition":{"duration":0},"id":5,"locked":true,"name":"[TS] next Artist + Song","pos":{"x":702.0,"y":592.0},"private_settings":{},"rot":0.0,"scale":{"x":1.0,"y":1.0},"scale_filter":"disable","show_transition":{"duration":0},"visible":true},{"align":5,"blend_method":"default","blend_type":"normal","bounds":{"x":0.0,"y":0.0},"bounds_align":0,"bounds_type":0,"crop_bottom":0,"crop_left":0,"crop_right":0,"crop_top":0,"group_item_backup":false,"hide_transition":{"duration":0},"id":6,"locked":true,"name":"[TS] next song ►","pos":{"x":637.0,"y":594.0},"private_settings":{},"rot":0.0,"scale":{"x":1.0,"y":1.0},"scale_filter":"disable","show_transition":{"duration":0},"visible":true},{"align":5,"blend_method":"default","blend_type":"normal","bounds":{"x":0.0,"y":0.0},"bounds_align":0,"bounds_type":0,"crop_bottom":0,"crop_left":0,"crop_right":0,"crop_top":0,"group_item_backup":false,"hide_transition":{"duration":0},"id":3,"locked":true,"name":"[TS] songName","pos":{"x":701.0,"y":537.0},"private_settings":{},"rot":0.0,"scale":{"x":1.0,"y":1.0},"scale_filter":"disable","show_transition":{"duration":0},"visible":true},{"align":5,"blend_method":"default","blend_type":"normal","bounds":{"x":0.0,"y":0.0},"bounds_align":0,"bounds_type":0,"crop_bottom":0,"crop_left":0,"crop_right":0,"crop_top":0,"group_item_backup":false,"hide_transition":{"duration":0},"id":7,"locked":true,"name":"[TS] artistName","pos":{"x":701.0,"y":492.0},"private_settings":{},"rot":0.0,"scale":{"x":1.0,"y":1.0},"scale_filter":"disable","show_transition":{"duration":0},"visible":true},{"align":5,"blend_method":"default","blend_type":"normal","bounds":{"x":0.0,"y":0.0},"bounds_align":0,"bounds_type":0,"crop_bottom":0,"crop_left":0,"crop_right":0,"crop_top":0,"group_item_backup":false,"hide_transition":{"duration":0},"id":8,"locked":true,"name":"[ACS] Audio Capture","pos":{"x":0.0,"y":0.0},"private_settings":{},"rot":0.0,"scale":{"x":1.0,"y":1.0},"scale_filter":"disable","show_transition":{"duration":0},"visible":true},{"align":0,"blend_method":"default","blend_type":"normal","bounds":{"x":102.0,"y":102.0},"bounds_align":0,"bounds_type":1,"crop_bottom":0,"crop_left":0,"crop_right":0,"crop_top":0,"group_item_backup":false,"hide_transition":{"duration":0},"id":12,"locked":true,"name":"[BS] artworkUrl","pos":{"x":646.0,"y":540.0},"private_settings":{},"rot":0.0,"scale":{"x":1.5,"y":1.5},"scale_filter":"disable","show_transition":{"duration":0},"visible":true}]},"sync":0,"versioned_id":"scene","volume":1.0}]}