{"sources":[{"balance":0.5,"deinterlace_field_order":0,"deinterlace_mode":0,"enabled":true,"flags":0,"hotkeys":{},"id":"color_source","mixers":0,"monitoring_type":0,"muted":false,"name":"[CS] BACKGROUND SPOTIFY","prev_ver":469762051,"private_settings":{},"push-to-mute":false,"push-to-mute-delay":0,"push-to-talk":false,"push-to-talk-delay":0,"settings":{"color":3358007583,"height":100,"width":550},"sync":0,"versioned_id":"color_source_v3","volume":1.0},{"balance":0.5,"deinterlace_field_order":0,"deinterlace_mode":0,"enabled":true,"flags":0,"hotkeys":{},"id":"color_source","mixers":0,"monitoring_type":0,"muted":false,"name":"[CS] background progressBar","prev_ver":469762051,"private_settings":{},"push-to-mute":false,"push-to-mute-delay":0,"push-to-talk":false,"push-to-talk-delay":0,"settings":{"color":4286513237,"height":112,"width":112},"sync":0,"versioned_id":"color_source_v3","volume":1.0},{"balance":0.5,"deinterlace_field_order":0,"deinterlace_mode":0,"enabled":true,"filters":[{"balance":0.5,"deinterlace_field_order":0,"deinterlace_mode":0,"enabled":true,"flags":0,"hotkeys":{},"id":"streamfx-filter-transform","mixers":0,"monitoring_type":0,"muted":false,"name":"Transformation 3D","prev_ver":469762051,"private_settings":{},"push-to-mute":false,"push-to-mute-delay":0,"push-to-talk":false,"push-to-talk-delay":0,"settings":{"Commit":"g0ba2849d","Corners.BottomLeft.X":0.0,"Corners.BottomLeft.Y":100.0,"Corners.BottomRight.X":0.0,"Corners.BottomRight.Y":100.0,"Corners.TopLeft.X":-0.029999999999999999,"Corners.TopLeft.Y":0.0,"Corners.TopRight.X":0.0,"Corners.TopRight.Y":0.0,"Version":51539607669},"sync":0,"versioned_id":"streamfx-filter-transform","volume":1.0},{"balance":0.5,"deinterlace_field_order":0,"deinterlace_mode":0,"enabled":false,"flags":0,"hotkeys":{},"id":"move_value_filter","mixers":0,"monitoring_type":0,"muted":false,"name":"0%","prev_ver":469762051,"private_settings":{},"push-to-mute":false,"push-to-mute-delay":0,"push-to-talk":false,"push-to-talk-delay":0,"settings":{"Corners.BottomLeft.X":0.0,"Corners.BottomLeft.Y":0.0,"Corners.BottomRight.X":0.0,"Corners.BottomRight.Y":0.0,"Corners.TopLeft.X":0.0,"Corners.TopLeft.Y":-100.0,"Corners.TopRight.X":0.0,"Corners.TopRight.Y":-100.0,"easing_match":0,"filter":"Transformation 3D","move_value_type":1,"next_move":"0 % > 12.5 %","value_type":0},"sync":0,"versioned_id":"move_value_filter","volume":1.0},{"balance":0.5,"deinterlace_field_order":0,"deinterlace_mode":0,"enabled":false,"flags":0,"hotkeys":{},"id":"move_value_filter","mixers":0,"monitoring_type":0,"muted":false,"name":"0 % > 12.5 %","prev_ver":469762051,"private_settings":{},"push-to-mute":false,"push-to-mute-delay":0,"push-to-talk":false,"push-to-talk-delay":0,"settings":{"Corners.BottomLeft.X":100,"Corners.BottomLeft.Y":-100,"Corners.BottomRight.X":0,"Corners.BottomRight.Y":0,"Corners.TopLeft.X":100,"Corners.TopLeft.Y":-100,"Corners.TopRight.X":0,"Corners.TopRight.Y":-100,"duration":17968,"easing_match":0,"filter":"Transformation 3D","move_value_type":1,"next_move":"12.5 % > 25 %","start_delay":0,"value_type":0},"sync":0,"versioned_id":"move_value_filter","volume":1.0},{"balance":0.5,"deinterlace_field_order":0,"deinterlace_mode":0,"enabled":false,"flags":0,"hotkeys":{},"id":"move_value_filter","mixers":0,"monitoring_type":0,"muted":false,"name":"12.5 % > 25 %","prev_ver":469762051,"private_settings":{},"push-to-mute":false,"push-to-mute-delay":0,"push-to-talk":false,"push-to-talk-delay":0,"settings":{"Corners.BottomLeft.X":100,"Corners.BottomLeft.Y":0,"Corners.BottomRight.X":0,"Corners.BottomRight.Y":0,"Corners.TopLeft.X":100,"Corners.TopLeft.Y":-100,"Corners.TopRight.X":0,"Corners.TopRight.Y":-100,"duration":17968,"easing_match":0,"filter":"Transformation 3D","move_value_type":1,"next_move":"25 % > 37.5 %","start_delay":0,"value_type":0},"sync":0,"versioned_id":"move_value_filter","volume":1.0},{"balance":0.5,"deinterlace_field_order":0,"deinterlace_mode":0,"enabled":false,"flags":0,"hotkeys":{},"id":"move_value_filter","mixers":0,"monitoring_type":0,"muted":false,"name":"25 % > 37.5 %","prev_ver":469762051,"private_settings":{},"push-to-mute":false,"push-to-mute-delay":0,"push-to-talk":false,"push-to-talk-delay":0,"settings":{"Corners.BottomLeft.X":100,"Corners.BottomLeft.Y":100,"Corners.BottomRight.X":100,"Corners.BottomRight.Y":100,"Corners.TopLeft.X":100,"Corners.TopLeft.Y":-100,"Corners.TopRight.X":0,"Corners.TopRight.Y":-100,"duration":17968,"easing_match":0,"filter":"Transformation 3D","move_value_type":1,"next_move":"37.5 % > 50 %","start_delay":0,"value_type":0},"sync":0,"versioned_id":"move_value_filter","volume":1.0},{"balance":0.5,"deinterlace_field_order":0,"deinterlace_mode":0,"enabled":false,"flags":0,"hotkeys":{},"id":"move_value_filter","mixers":0,"monitoring_type":0,"muted":false,"name":"37.5 % > 50 %","prev_ver":469762051,"private_settings":{},"push-to-mute":false,"push-to-mute-delay":0,"push-to-talk":false,"push-to-talk-delay":0,"settings":{"Corners.BottomLeft.X":100,"Corners.BottomLeft.Y":100,"Corners.BottomRight.X":0,"Corners.BottomRight.Y":100,"Corners.TopLeft.X":100,"Corners.TopLeft.Y":-100,"Corners.TopRight.X":0,"Corners.TopRight.Y":-100,"duration":17968,"easing_match":0,"filter":"Transformation 3D","move_value_type":1,"next_move":"50 % > 0","start_delay":0,"value_type":0},"sync":0,"versioned_id":"move_value_filter","volume":1.0},{"balance":0.5,"deinterlace_field_order":0,"deinterlace_mode":0,"enabled":false,"flags":0,"hotkeys":{},"id":"move_value_filter","mixers":0,"monitoring_type":0,"muted":false,"name":"50 % > 0","prev_ver":469762051,"private_settings":{},"push-to-mute":false,"push-to-mute-delay":0,"push-to-talk":false,"push-to-talk-delay":0,"settings":{"Corners.BottomLeft.X":0,"Corners.BottomLeft.Y":100,"Corners.BottomRight.X":0,"Corners.BottomRight.Y":100,"Corners.TopLeft.X":-0.029999999999999999,"Corners.TopLeft.Y":0,"Corners.TopRight.X":0,"Corners.TopRight.Y":0,"duration":10,"filter":"Transformation 3D","move_value_type":1,"start_delay":71875,"value_type":0},"sync":0,"versioned_id":"move_value_filter","volume":1.0},{"balance":0.5,"deinterlace_field_order":0,"deinterlace_mode":0,"enabled":true,"flags":0,"hotkeys":{},"id":"color_filter","mixers":0,"monitoring_type":0,"muted":false,"name":"Corrections colorimétrique","prev_ver":469762051,"private_settings":{},"push-to-mute":false,"push-to-mute-delay":0,"push-to-talk":false,"push-to-talk-delay":0,"settings":{"opacity":0.49149999999999999},"sync":0,"versioned_id":"color_filter_v2","volume":1.0}],"flags":0,"hotkeys":{"0 % > 12.5 %":[],"0%":[],"12.5 % > 25 %":[],"25 % > 37.5 %":[],"37.5 % > 50 %":[],"50 % > 0":[]},"id":"color_source","mixers":0,"monitoring_type":0,"muted":false,"name":"[CS] 1stHalf-progressBar","prev_ver":469762051,"private_settings":{},"push-to-mute":false,"push-to-mute-delay":0,"push-to-talk":false,"push-to-talk-delay":0,"settings":{"color":4294967125,"height":112,"width":112},"sync":0,"versioned_id":"color_source_v3","volume":1.0},{"balance":0.5,"deinterlace_field_order":0,"deinterlace_mode":0,"enabled":true,"filters":[{"balance":0.5,"deinterlace_field_order":0,"deinterlace_mode":0,"enabled":true,"flags":0,"hotkeys":{},"id":"streamfx-filter-transform","mixers":0,"monitoring_type":0,"muted":false,"name":"Transformation 3D","prev_ver":469762051,"private_settings":{},"push-to-mute":false,"push-to-mute-delay":0,"push-to-talk":false,"push-to-talk-delay":0,"settings":{"Commit":"g0ba2849d","Corners.BottomLeft.X":0.0,"Corners.BottomLeft.Y":100.0,"Corners.BottomRight.X":0.0,"Corners.BottomRight.Y":100.0,"Corners.TopLeft.X":-0.029999999999999999,"Corners.TopLeft.Y":0.0,"Corners.TopRight.X":0.0,"Corners.TopRight.Y":0.0,"Version":51539607669},"sync":0,"versioned_id":"streamfx-filter-transform","volume":1.0},{"balance":0.5,"deinterlace_field_order":0,"deinterlace_mode":0,"enabled":false,"flags":0,"hotkeys":{},"id":"move_value_filter","mixers":0,"monitoring_type":0,"muted":false,"name":"0%","prev_ver":469762051,"private_settings":{},"push-to-mute":false,"push-to-mute-delay":0,"push-to-talk":false,"push-to-talk-delay":0,"settings":{"Corners.BottomLeft.X":0.0,"Corners.BottomLeft.Y":0.0,"Corners.BottomRight.X":0.0,"Corners.BottomRight.Y":0.0,"Corners.TopLeft.X":0.0,"Corners.TopLeft.Y":-100.0,"Corners.TopRight.X":0.0,"Corners.TopRight.Y":-100.0,"easing_match":0,"filter":"Transformation 3D","move_value_type":1,"next_move":"0 % > 12.5 %","value_type":0},"sync":0,"versioned_id":"move_value_filter","volume":1.0},{"balance":0.5,"deinterlace_field_order":0,"deinterlace_mode":0,"enabled":false,"flags":0,"hotkeys":{},"id":"move_value_filter","mixers":0,"monitoring_type":0,"muted":false,"name":"0 % > 12.5 %","prev_ver":469762051,"private_settings":{},"push-to-mute":false,"push-to-mute-delay":0,"push-to-talk":false,"push-to-talk-delay":0,"settings":{"Corners.BottomLeft.X":100,"Corners.BottomLeft.Y":-100,"Corners.BottomRight.X":0,"Corners.BottomRight.Y":0,"Corners.TopLeft.X":100,"Corners.TopLeft.Y":-100,"Corners.TopRight.X":0,"Corners.TopRight.Y":-100,"duration":17968,"easing_match":0,"filter":"Transformation 3D","move_value_type":1,"next_move":"12.5 % > 25 %","start_delay":0,"value_type":0},"sync":0,"versioned_id":"move_value_filter","volume":1.0},{"balance":0.5,"deinterlace_field_order":0,"deinterlace_mode":0,"enabled":false,"flags":0,"hotkeys":{},"id":"move_value_filter","mixers":0,"monitoring_type":0,"muted":false,"name":"12.5 % > 25 %","prev_ver":469762051,"private_settings":{},"push-to-mute":false,"push-to-mute-delay":0,"push-to-talk":false,"push-to-talk-delay":0,"settings":{"Corners.BottomLeft.X":100,"Corners.BottomLeft.Y":0,"Corners.BottomRight.X":0,"Corners.BottomRight.Y":0,"Corners.TopLeft.X":100,"Corners.TopLeft.Y":-100,"Corners.TopRight.X":0,"Corners.TopRight.Y":-100,"duration":17968,"easing_match":0,"filter":"Transformation 3D","move_value_type":1,"next_move":"25 % > 37.5 %","start_delay":0,"value_type":0},"sync":0,"versioned_id":"move_value_filter","volume":1.0},{"balance":0.5,"deinterlace_field_order":0,"deinterlace_mode":0,"enabled":false,"flags":0,"hotkeys":{},"id":"move_value_filter","mixers":0,"monitoring_type":0,"muted":false,"name":"25 % > 37.5 %","prev_ver":469762051,"private_settings":{},"push-to-mute":false,"push-to-mute-delay":0,"push-to-talk":false,"push-to-talk-delay":0,"settings":{"Corners.BottomLeft.X":100,"Corners.BottomLeft.Y":100,"Corners.BottomRight.X":100,"Corners.BottomRight.Y":100,"Corners.TopLeft.X":100,"Corners.TopLeft.Y":-100,"Corners.TopRight.X":0,"Corners.TopRight.Y":-100,"duration":17968,"easing_match":0,"filter":"Transformation 3D","move_value_type":1,"next_move":"37.5 % > 50 %","start_delay":0,"value_type":0},"sync":0,"versioned_id":"move_value_filter","volume":1.0},{"balance":0.5,"deinterlace_field_order":0,"deinterlace_mode":0,"enabled":false,"flags":0,"hotkeys":{},"id":"move_value_filter","mixers":0,"monitoring_type":0,"muted":false,"name":"37.5 % > 50 %","prev_ver":469762051,"private_settings":{},"push-to-mute":false,"push-to-mute-delay":0,"push-to-talk":false,"push-to-talk-delay":0,"settings":{"Corners.BottomLeft.X":100,"Corners.BottomLeft.Y":100,"Corners.BottomRight.X":0,"Corners.BottomRight.Y":100,"Corners.TopLeft.X":100,"Corners.TopLeft.Y":-100,"Corners.TopRight.X":0,"Corners.TopRight.Y":-100,"duration":17968,"easing_match":0,"filter":"Transformation 3D","move_value_type":1,"next_move":"50 % > 0 %","start_delay":0,"value_type":0},"sync":0,"versioned_id":"move_value_filter","volume":1.0},{"balance":0.5,"deinterlace_field_order":0,"deinterlace_mode":0,"enabled":false,"flags":0,"hotkeys":{},"id":"move_value_filter","mixers":0,"monitoring_type":0,"muted":false,"name":"50 % > 0 %","prev_ver":469762051,"private_settings":{},"push-to-mute":false,"push-to-mute-delay":0,"push-to-talk":false,"push-to-talk-delay":0,"settings":{"Corners.BottomLeft.X":0,"Corners.BottomLeft.Y":100,"Corners.BottomRight.X":0,"Corners.BottomRight.Y":100,"Corners.TopLeft.X":-0.029999999999999999,"Corners.TopLeft.Y":0,"Corners.TopRight.X":0,"Corners.TopRight.Y":0,"duration":10,"filter":"Transformation 3D","move_value_type":1,"start_delay":0,"value_type":0},"sync":0,"versioned_id":"move_value_filter","volume":1.0},{"balance":0.5,"deinterlace_field_order":0,"deinterlace_mode":0,"enabled":true,"flags":0,"hotkeys":{},"id":"color_filter","mixers":0,"monitoring_type":0,"muted":false,"name":"Corrections colorimétrique","prev_ver":469762051,"private_settings":{},"push-to-mute":false,"push-to-mute-delay":0,"push-to-talk":false,"push-to-talk-delay":0,"settings":{"opacity":0.49149999999999999},"sync":0,"versioned_id":"color_filter_v2","volume":1.0}],"flags":0,"hotkeys":{"0 % > 12.5 %":[],"0%":[],"12.5 % > 25 %":[],"25 % > 37.5 %":[],"37.5 % > 50 %":[],"50 % > 0 %":[]},"id":"color_source","mixers":0,"monitoring_type":0,"muted":false,"name":"[CS] 2ndHalf-progressBar","prev_ver":469762051,"private_settings":{},"push-to-mute":false,"push-to-mute-delay":0,"push-to-talk":false,"push-to-talk-delay":0,"settings":{"color":4294967125,"height":112,"width":112},"sync":0,"versioned_id":"color_source_v3","volume":1.0},{"balance":0.5,"deinterlace_field_order":0,"deinterlace_mode":0,"enabled":true,"filters":[{"balance":0.5,"deinterlace_field_order":0,"deinterlace_mode":0,"enabled":true,"flags":0,"hotkeys":{},"id":"scroll_filter","mixers":0,"monitoring_type":0,"muted":false,"name":"Défilement","prev_ver":469762051,"private_settings":{},"push-to-mute":false,"push-to-mute-delay":0,"push-to-talk":false,"push-to-talk-delay":0,"settings":{"cx":550,"limit_cx":true,"speed_x":56.0},"sync":0,"versioned_id":"scroll_filter","volume":1.0},{"balance":0.5,"deinterlace_field_order":0,"deinterlace_mode":0,"enabled":true,"flags":0,"hotkeys":{},"id":"color_filter","mixers":0,"monitoring_type":0,"muted":false,"name":"Color Correction","prev_ver":469762051,"private_settings":{},"push-to-mute":false,"push-to-mute-delay":0,"push-to-talk":false,"push-to-talk-delay":0,"settings":{"opacity":0.20000000000000001},"sync":0,"versioned_id":"color_filter_v2","volume":1.0}],"flags":0,"hotkeys":{},"id":"text_gdiplus","mixers":0,"monitoring_type":0,"muted":false,"name":"[TS] next Artist + Song","prev_ver":469762051,"private_settings":{},"push-to-mute":false,"push-to-mute-delay":0,"push-to-talk":false,"push-to-talk-delay":0,"settings":{"extents":true,"extents_cx":1600,"extents_cy":50,"font":{"face":"Bahnschrift Light Condensed","flags":0,"size":48,"style":"Light Condensed"},"text":"!sr artistName , songName - !sPlay - !sPause - !sPrev - !sNext - !sQueue"},"sync":0,"versioned_id":"text_gdiplus_v2","volume":1.0},{"balance":0.5,"deinterlace_field_order":0,"deinterlace_mode":0,"enabled":true,"filters":[{"balance":0.5,"deinterlace_field_order":0,"deinterlace_mode":0,"enabled":true,"flags":0,"hotkeys":{},"id":"color_filter","mixers":0,"monitoring_type":0,"muted":false,"name":"Color Correction","prev_ver":469762051,"private_settings":{},"push-to-mute":false,"push-to-mute-delay":0,"push-to-talk":false,"push-to-talk-delay":0,"settings":{"opacity":0.20000000000000001},"sync":0,"versioned_id":"color_filter_v2","volume":1.0}],"flags":0,"hotkeys":{},"id":"text_gdiplus","mixers":0,"monitoring_type":0,"muted":false,"name":"[TS] next song ►","prev_ver":469762051,"private_settings":{},"push-to-mute":false,"push-to-mute-delay":0,"push-to-talk":false,"push-to-talk-delay":0,"settings":{"font":{"face":"Webdings","flags":0,"size":36,"style":"Normal"},"text":":"},"sync":0,"versioned_id":"text_gdiplus_v2","volume":1.0},{"balance":0.5,"deinterlace_field_order":0,"deinterlace_mode":0,"enabled":true,"filters":[{"balance":0.5,"deinterlace_field_order":0,"deinterlace_mode":0,"enabled":true,"flags":0,"hotkeys":{},"id":"scroll_filter","mixers":0,"monitoring_type":0,"muted":false,"name":"Défilement","prev_ver":469762051,"private_settings":{},"push-to-mute":false,"push-to-mute-delay":0,"push-to-talk":false,"push-to-talk-delay":0,"settings":{"cx":550,"limit_cx":true,"speed_x":50.0},"sync":0,"versioned_id":"scroll_filter","volume":1.0}],"flags":0,"hotkeys":{},"id":"text_gdiplus","mixers":0,"monitoring_type":0,"muted":false,"name":"[TS] songName","prev_ver":469762051,"private_settings":{},"push-to-mute":false,"push-to-mute-delay":0,"push-to-talk":false,"push-to-talk-delay":0,"settings":{"extents":true,"extents_cx":600,"extents_cy":50,"font":{"face":"Bahnschrift Light Condensed","flags":0,"size":48,"style":"Light Condensed"},"text":"!spotifyConnect"},"sync":0,"versioned_id":"text_gdiplus_v2","volume":1.0},{"balance":0.5,"deinterlace_field_order":0,"deinterlace_mode":0,"enabled":true,"flags":0,"hotkeys":{},"id":"text_gdiplus","mixers":0,"monitoring_type":0,"muted":false,"name":"[TS] artistName","prev_ver":469762051,"private_settings":{},"push-to-mute":false,"push-to-mute-delay":0,"push-to-talk":false,"push-to-talk-delay":0,"settings":{"align":"center","extents":true,"extents_cx":550,"extents_cy":50,"font":{"face":"Bahnschrift Light Condensed","flags":0,"size":48,"style":"Light Condensed"},"text":"tiny SPOT TO SB"},"sync":0,"versioned_id":"text_gdiplus_v2","volume":1.0},{"balance":0.5,"deinterlace_field_order":0,"deinterlace_mode":0,"enabled":true,"flags":0,"hotkeys":{"libobs.mute":[],"libobs.push-to-mute":[],"libobs.push-to-talk":[],"libobs.unmute":[]},"id":"wasapi_process_output_capture","mixers":255,"monitoring_type":2,"muted":false,"name":"[ACS] Audio Capture","prev_ver":469762051,"private_settings":{},"push-to-mute":false,"push-to-mute-delay":0,"push-to-talk":false,"push-to-talk-delay":0,"settings":{"priority":2,"window":"Spotify Premium:Chrome_WidgetWin_0:Spotify.exe"},"sync":0,"versioned_id":"wasapi_process_output_capture","volume":0.00036656725569628179},{"balance":0.5,"deinterlace_field_order":0,"deinterlace_mode":0,"enabled":true,"flags":0,"hotkeys":{"ObsBrowser.Refresh":[],"libobs.mute":[],"libobs.push-to-mute":[],"libobs.push-to-talk":[],"libobs.unmute":[]},"id":"browser_source","mixers":255,"monitoring_type":0,"muted":false,"name":"[BS] artworkUrl","prev_ver":469762051,"private_settings":{},"push-to-mute":false,"push-to-mute-delay":0,"push-to-talk":false,"push-to-talk-delay":0,"settings":{"css":"body { background-color: #00000000; margin: 0px auto; overflow: hidden; }","height":200,"restart_when_active":true,"shutdown":true,"url":"https://spottosb.pagesperso-orange.fr/spottosb/images/spottosb.png","width":200},"sync":0,"versioned_id":"browser_source","volume":1.0},{"balance":0.5,"deinterlace_field_order":0,"deinterlace_mode":0,"enabled":true,"filters":[{"balance":0.5,"deinterlace_field_order":0,"deinterlace_mode":0,"enabled":false,"flags":0,"hotkeys":{},"id":"move_source_filter","mixers":0,"monitoring_type":0,"muted":false,"name":"Move Source","prev_ver":469762051,"private_settings":{},"push-to-mute":false,"push-to-mute-delay":0,"push-to-talk":false,"push-to-talk-delay":0,"settings":{"bounds":{"x":0.0,"x_sign":" ","y":0.0,"y_sign":" "},"crop":{"bottom":0.0,"bottom_sign":" ","left":0.0,"left_sign":" ","right":0.0,"right_sign":" ","top":0.0,"top_sign":" "},"duration":71875,"next_move":"Move Source 2","pos":{"x":589.0,"x_sign":" ","y":484.0,"y_sign":" "},"rot":0.0,"rot_sign":" ","scale":{"x":1.0,"x_sign":" ","y":1.0,"y_sign":" "},"simultaneous_move":"0%","source":"[CS] 1stHalf-progressBar","transform_text":"pos: x 589.0 y 484.0 rot: 0.0 scale: x 1.000 y 1.000 crop: l 0 t 0 r 0 b 0"},"sync":0,"versioned_id":"move_source_filter","volume":1.0},{"balance":0.5,"deinterlace_field_order":0,"deinterlace_mode":0,"enabled":false,"flags":0,"hotkeys":{},"id":"move_source_filter","mixers":0,"monitoring_type":0,"muted":false,"name":"Move Source 2","prev_ver":469762051,"private_settings":{},"push-to-mute":false,"push-to-mute-delay":0,"push-to-talk":false,"push-to-talk-delay":0,"settings":{"bounds":{"x":0.0,"x_sign":" ","y":0.0,"y_sign":" "},"crop":{"bottom":0.0,"bottom_sign":" ","left":0.0,"left_sign":" ","right":0.0,"right_sign":" ","top":0.0,"top_sign":" "},"pos":{"x":702.0,"x_sign":" ","y":596.0,"y_sign":" "},"rot":0.0,"rot_sign":" ","scale":{"x":-1.0,"x_sign":" ","y":-1.0,"y_sign":" "},"simultaneous_move":"0%","source":"[CS] 2ndHalf-progressBar","transform_text":"pos: x 702.0 y 596.0 rot: 0.0 scale: x -1.000 y -1.000 crop: l 0 t 0 r 0 b 0"},"sync":0,"versioned_id":"move_source_filter","volume":1.0},{"balance":0.5,"deinterlace_field_order":0,"deinterlace_mode":0,"enabled":false,"flags":0,"hotkeys":{},"id":"streamfx-filter-blur","mixers":0,"monitoring_type":0,"muted":false,"name":"Blur","prev_ver":469762051,"private_settings":{},"push-to-mute":false,"push-to-mute-delay":0,"push-to-talk":false,"push-to-talk-delay":0,"settings":{"Commit":"g0ba2849d","Filter.Blur.Size":1.0,"Filter.Blur.Type":"dual_filtering","Version":51539607669},"sync":0,"versioned_id":"streamfx-filter-blur","volume":1.0}],"flags":0,"hotkeys":{"Move Source":[],"Move Source 2":[],"OBSBasic.SelectScene":[],"libobs.hide_scene_item.[ACS] Audio Capture":[],"libobs.hide_scene_item.[BS] artworkUrl":[],"libobs.hide_scene_item.[CS] 1stHalf-progressBar":[],"libobs.hide_scene_item.[CS] 2ndHalf-progressBar":[],"libobs.hide_scene_item.[CS] BACKGROUND SPOTIFY":[],"libobs.hide_scene_item.[CS] background progressBar":[],"libobs.hide_scene_item.[TS] artistName":[],"libobs.hide_scene_item.[TS] next Artist + Song":[],"libobs.hide_scene_item.[TS] next song ►":[],"libobs.hide_scene_item.[TS] songName":[],"libobs.show_scene_item.[ACS] Audio Capture":[],"libobs.show_scene_item.[BS] artworkUrl":[],"libobs.show_scene_item.[CS] 1stHalf-progressBar":[],"libobs.show_scene_item.[CS] 2ndHalf-progressBar":[],"libobs.show_scene_item.[CS] BACKGROUND SPOTIFY":[],"libobs.show_scene_item.[CS] background progressBar":[],"libobs.show_scene_item.[TS] artistName":[],"libobs.show_scene_item.[TS] next Artist + Song":[],"libobs.show_scene_item.[TS] next song ►":[],"libobs.show_scene_item.[TS] songName":[]},"id":"scene","mixers":0,"monitoring_type":0,"muted":false,"name":"[NS] SPOTIFY","prev_ver":469762051,"private_settings":{},"push-to-mute":false,"push-to-mute-delay":0,"push-to-talk":false,"push-to-talk-delay":0,"settings":{"custom_size":false,"id_counter":23,"items":[{"align":5,"blend_method":"default","blend_type":"normal","bounds":{"x":0.0,"y":0.0},"bounds_align":0,"bounds_type":0,"crop_bottom":0,"crop_left":0,"crop_right":0,"crop_top":0,"group_item_backup":false,"hide_transition":{"duration":0},"id":1,"locked":true,"name":"[CS] BACKGROUND SPOTIFY","pos":{"x":700.0,"y":491.0},"private_settings":{},"rot":0.0,"scale":{"x":1.003636360168457,"y":1.0},"scale_filter":"disable","show_transition":{"duration":0},"visible":true},{"align":5,"blend_method":"default","blend_type":"normal","bounds":{"x":0.0,"y":0.0},"bounds_align":0,"bounds_type":0,"crop_bottom":0,"crop_left":0,"crop_right":0,"crop_top":0,"group_item_backup":false,"hide_transition":{"duration":0},"id":17,"locked":true,"name":"[CS] background progressBar","pos":{"x":590.0,"y":484.0},"private_settings":{},"rot":0.0,"scale":{"x":1.0,"y":1.0},"scale_filter":"disable","show_transition":{"duration":0},"visible":true},{"align":5,"blend_method":"default","blend_type":"normal","bounds":{"x":0.0,"y":0.0},"bounds_align":0,"bounds_type":0,"crop_bottom":0,"crop_left":0,"crop_right":0,"crop_top":0,"group_item_backup":false,"hide_transition":{"duration":0},"id":13,"locked":true,"name":"[CS] 1stHalf-progressBar","pos":{"x":589.0,"y":484.0},"private_settings":{},"rot":0.0,"scale":{"x":1.0,"y":1.0},"scale_filter":"disable","show_transition":{"duration":0},"visible":true},{"align":5,"blend_method":"default","blend_type":"normal","bounds":{"x":0.0,"y":0.0},"bounds_align":0,"bounds_type":0,"crop_bottom":0,"crop_left":0,"crop_right":0,"crop_top":0,"group_item_backup":false,"hide_transition":{"duration":0},"id":14,"locked":true,"name":"[CS] 2ndHalf-progressBar","pos":{"x":702.0,"y":596.0},"private_settings":{},"rot":0.0,"scale":{"x":-1.0,"y":-1.0},"scale_filter":"disable","show_transition":{"duration":0},"visible":true},{"align":5,"blend_method":"default","blend_type":"normal","bounds":{"x":0.0,"y":0.0},"bounds_align":0,"bounds_type":0,"crop_bottom":0,"crop_left":0,"crop_right":0,"crop_top":0,"group_item_backup":false,"hide_transition":{"duration":0},"id":5,"locked":true,"name":"[TS] next Artist + Song","pos":{"x":702.0,"y":592.0},"private_settings":{},"rot":0.0,"scale":{"x":1.0,"y":1.0},"scale_filter":"disable","show_transition":{"duration":0},"visible":true},{"align":5,"blend_method":"default","blend_type":"normal","bounds":{"x":0.0,"y":0.0},"bounds_align":0,"bounds_type":0,"crop_bottom":0,"crop_left":0,"crop_right":0,"crop_top":0,"group_item_backup":false,"hide_transition":{"duration":0},"id":6,"locked":true,"name":"[TS] next song ►","pos":{"x":637.0,"y":594.0},"private_settings":{},"rot":0.0,"scale":{"x":1.0,"y":1.0},"scale_filter":"disable","show_transition":{"duration":0},"visible":true},{"align":5,"blend_method":"default","blend_type":"normal","bounds":{"x":0.0,"y":0.0},"bounds_align":0,"bounds_type":0,"crop_bottom":0,"crop_left":0,"crop_right":0,"crop_top":0,"group_item_backup":false,"hide_transition":{"duration":0},"id":3,"locked":true,"name":"[TS] songName","pos":{"x":701.0,"y":542.0},"private_settings":{},"rot":0.0,"scale":{"x":1.0,"y":1.0},"scale_filter":"disable","show_transition":{"duration":0},"visible":true},{"align":5,"blend_method":"default","blend_type":"normal","bounds":{"x":0.0,"y":0.0},"bounds_align":0,"bounds_type":0,"crop_bottom":0,"crop_left":0,"crop_right":0,"crop_top":0,"group_item_backup":false,"hide_transition":{"duration":0},"id":7,"locked":true,"name":"[TS] artistName","pos":{"x":701.0,"y":494.0},"private_settings":{},"rot":0.0,"scale":{"x":1.0,"y":1.0},"scale_filter":"disable","show_transition":{"duration":0},"visible":true},{"align":5,"blend_method":"default","blend_type":"normal","bounds":{"x":0.0,"y":0.0},"bounds_align":0,"bounds_type":0,"crop_bottom":0,"crop_left":0,"crop_right":0,"crop_top":0,"group_item_backup":false,"hide_transition":{"duration":0},"id":8,"locked":true,"name":"[ACS] Audio Capture","pos":{"x":0.0,"y":0.0},"private_settings":{},"rot":0.0,"scale":{"x":1.0,"y":1.0},"scale_filter":"disable","show_transition":{"duration":0},"visible":true},{"align":0,"blend_method":"default","blend_type":"normal","bounds":{"x":102.0,"y":102.0},"bounds_align":0,"bounds_type":1,"crop_bottom":0,"crop_left":0,"crop_right":0,"crop_top":0,"group_item_backup":false,"hide_transition":{"duration":0},"id":12,"locked":true,"name":"[BS] artworkUrl","pos":{"x":646.0,"y":540.0},"private_settings":{},"rot":0.0,"scale":{"x":1.5,"y":1.5},"scale_filter":"disable","show_transition":{"duration":0},"visible":true}]},"sync":0,"versioned_id":"scene","volume":1.0}]}