{"sources":[{"balance":0.5,"deinterlace_field_order":0,"deinterlace_mode":0,"enabled":true,"filters":[{"balance":0.5,"deinterlace_field_order":0,"deinterlace_mode":0,"enabled":true,"flags":0,"hotkeys":{},"id":"recursion_effect_filter","mixers":0,"monitoring_type":0,"muted":false,"name":"Recursion Effect","prev_ver":469762051,"private_settings":{},"push-to-mute":false,"push-to-mute-delay":0,"push-to-talk":false,"push-to-talk-delay":0,"settings":{"delay_ms":1,"inversed":true,"offset_x":7.0},"sync":0,"versioned_id":"recursion_effect_filter","volume":1.0},{"balance":0.5,"deinterlace_field_order":0,"deinterlace_mode":0,"enabled":true,"flags":0,"hotkeys":{},"id":"shader_filter","mixers":0,"monitoring_type":0,"muted":false,"name":"User-defined shader","prev_ver":469762051,"private_settings":{},"push-to-mute":false,"push-to-mute-delay":0,"push-to-talk":false,"push-to-talk-delay":0,"settings":{"Opacity_End_Percent":1000.0,"Rotation_Offset":0.0,"from_file":true,"shader_file_name":"C:/Program Files/obs-studio/data/obs-plugins/obs-shaderfilter/examples/blend_opacity.shader","use_sliders":true},"sync":0,"versioned_id":"shader_filter","volume":1.0}],"flags":0,"hotkeys":{"RecursionEffect.Disable":[],"RecursionEffect.Enable":[]},"id":"phandasm_waveform_source","mixers":0,"monitoring_type":0,"muted":false,"name":"Waveform Visualizer","prev_ver":469762051,"private_settings":{},"push-to-mute":false,"push-to-mute-delay":0,"push-to-talk":false,"push-to-talk-delay":0,"settings":{"audio_source":"[ACS] Capture audio","ceiling":-7,"channel_mode":"stereo","color_base":4294902015,"color_crest":4294967125,"cutoff_high":23194,"cutoff_low":54,"display_mode":"curve","fast_peaks":true,"filter_mode":"gauss","filter_radius":0.17000000000000001,"floor":-30,"gravity":0.0,"radial_layout":false,"render_mode":"gradient","rolloff_q":0.0,"slope":0.19,"window":"blackman_harris"},"sync":0,"versioned_id":"phandasm_waveform_source","volume":1.0},{"balance":0.5,"deinterlace_field_order":0,"deinterlace_mode":0,"enabled":true,"filters":[{"balance":0.5,"deinterlace_field_order":0,"deinterlace_mode":0,"enabled":true,"flags":0,"hotkeys":{},"id":"shader_filter","mixers":0,"monitoring_type":0,"muted":false,"name":"Round spot","prev_ver":469762051,"private_settings":{},"push-to-mute":false,"push-to-mute-delay":0,"push-to-talk":false,"push-to-talk-delay":0,"settings":{"border_color":4294901930,"border_thickness":5,"corner_radius":45,"expand_bottom":5,"expand_left":5,"expand_right":5,"expand_top":5,"from_file":true,"shader_file_name":"C:/Program Files/obs-studio/data/obs-plugins/obs-shaderfilter/examples/rounded_rect.shader"},"sync":0,"versioned_id":"shader_filter","volume":1.0},{"balance":0.5,"deinterlace_field_order":0,"deinterlace_mode":0,"enabled":true,"flags":0,"hotkeys":{},"id":"scale_to_sound","mixers":0,"monitoring_type":0,"muted":false,"name":"Scale To Sound","prev_ver":469762051,"private_settings":{},"push-to-mute":false,"push-to-mute-delay":0,"push-to-talk":false,"push-to-talk-delay":0,"settings":{"STS_AUDSRC":"[ACS] Capture audio"},"sync":0,"versioned_id":"scale_to_sound","volume":1.0},{"balance":0.5,"deinterlace_field_order":0,"deinterlace_mode":0,"enabled":true,"flags":0,"hotkeys":{},"id":"streamfx-filter-sdf-effects","mixers":0,"monitoring_type":0,"muted":false,"name":"Effets FDS","prev_ver":469762051,"private_settings":{},"push-to-mute":false,"push-to-mute-delay":0,"push-to-talk":false,"push-to-talk-delay":0,"settings":{"Commit":"g0ba2849d","Filter.SDFEffects.Glow.Inner":true,"Filter.SDFEffects.Glow.Inner.Alpha":32.100000000000001,"Filter.SDFEffects.Glow.Inner.Color":4294967125,"Filter.SDFEffects.Glow.Inner.Width":16.0,"Filter.SDFEffects.Glow.Outer":true,"Filter.SDFEffects.Glow.Outer.Color":4294902015,"Version":51539607669},"sync":0,"versioned_id":"streamfx-filter-sdf-effects","volume":1.0}],"flags":0,"hotkeys":{},"id":"color_source","mixers":0,"monitoring_type":0,"muted":false,"name":"BACKGROUND SPOTIFY","prev_ver":469762051,"private_settings":{},"push-to-mute":false,"push-to-mute-delay":0,"push-to-talk":false,"push-to-talk-delay":0,"settings":{"color":3358007583,"height":300,"width":960},"sync":0,"versioned_id":"color_source_v3","volume":1.0},{"balance":0.5,"deinterlace_field_order":0,"deinterlace_mode":0,"enabled":true,"flags":0,"hotkeys":{},"id":"phandasm_waveform_source","mixers":0,"monitoring_type":0,"muted":false,"name":"Waveform Visualizer 2","prev_ver":469762051,"private_settings":{},"push-to-mute":false,"push-to-mute-delay":0,"push-to-talk":false,"push-to-talk-delay":0,"settings":{"audio_source":"[ACS] Capture audio","auto_fft_size":false,"channel_mode":"stereo","color_base":4294902015,"color_crest":4294967125,"cutoff_low":215,"display_mode":"curve","fast_peaks":true,"fft_size":4096,"filter_mode":"gauss","filter_radius":9.9700000000000006,"gravity":0.0,"height":200,"radial_layout":false,"render_mode":"gradient","window":"hamming"},"sync":0,"versioned_id":"phandasm_waveform_source","volume":1.0},{"balance":0.5,"deinterlace_field_order":0,"deinterlace_mode":0,"enabled":true,"filters":[{"balance":0.5,"deinterlace_field_order":0,"deinterlace_mode":0,"enabled":true,"flags":0,"hotkeys":{},"id":"scroll_filter","mixers":0,"monitoring_type":0,"muted":false,"name":"Défilement","prev_ver":469762051,"private_settings":{},"push-to-mute":false,"push-to-mute-delay":0,"push-to-talk":false,"push-to-talk-delay":0,"settings":{"cx":500,"limit_cx":true,"speed_x":50.0},"sync":0,"versioned_id":"scroll_filter","volume":1.0},{"balance":0.5,"deinterlace_field_order":0,"deinterlace_mode":0,"enabled":true,"flags":0,"hotkeys":{},"id":"streamfx-filter-sdf-effects","mixers":0,"monitoring_type":0,"muted":false,"name":"SDF Effects","prev_ver":469762051,"private_settings":{},"push-to-mute":false,"push-to-mute-delay":0,"push-to-talk":false,"push-to-talk-delay":0,"settings":{"Commit":"g0ba2849d","Filter.SDFEffects.Shadow.Outer":true,"Version":51539607669},"sync":0,"versioned_id":"streamfx-filter-sdf-effects","volume":1.0}],"flags":0,"hotkeys":{},"id":"text_gdiplus","mixers":0,"monitoring_type":0,"muted":false,"name":"[TS] songName","prev_ver":469762051,"private_settings":{},"push-to-mute":false,"push-to-mute-delay":0,"push-to-talk":false,"push-to-talk-delay":0,"settings":{"color":16777045,"extents":true,"extents_cx":600,"extents_cy":50,"font":{"face":"Poxel Font","flags":0,"size":48,"style":"Regular"},"text":"V2"},"sync":0,"versioned_id":"text_gdiplus_v2","volume":1.0},{"balance":0.5,"deinterlace_field_order":0,"deinterlace_mode":0,"enabled":true,"filters":[{"balance":0.5,"deinterlace_field_order":0,"deinterlace_mode":0,"enabled":true,"flags":0,"hotkeys":{},"id":"shader_filter","mixers":0,"monitoring_type":0,"muted":false,"name":"User-defined shader","prev_ver":469762051,"private_settings":{},"push-to-mute":false,"push-to-mute-delay":0,"push-to-talk":false,"push-to-talk-delay":0,"settings":{"corner_radius":100,"from_file":true,"shader_file_name":"C:/Program Files/obs-studio/data/obs-plugins/obs-shaderfilter/examples/rounded_rect.shader"},"sync":0,"versioned_id":"shader_filter","volume":1.0}],"flags":0,"hotkeys":{},"id":"color_source","mixers":0,"monitoring_type":0,"muted":false,"name":"background progressBar","prev_ver":469762051,"private_settings":{},"push-to-mute":false,"push-to-mute-delay":0,"push-to-talk":false,"push-to-talk-delay":0,"settings":{"color":4286513237,"height":212,"width":212},"sync":0,"versioned_id":"color_source_v3","volume":1.0},{"balance":0.5,"deinterlace_field_order":0,"deinterlace_mode":0,"enabled":true,"filters":[{"balance":0.5,"deinterlace_field_order":0,"deinterlace_mode":0,"enabled":true,"flags":0,"hotkeys":{},"id":"streamfx-filter-transform","mixers":0,"monitoring_type":0,"muted":false,"name":"Transformation 3D","prev_ver":469762051,"private_settings":{},"push-to-mute":false,"push-to-mute-delay":0,"push-to-talk":false,"push-to-talk-delay":0,"settings":{"Commit":"g0ba2849d","Corners.BottomLeft.X":0.0,"Corners.BottomLeft.Y":100.0,"Corners.BottomRight.X":0.0,"Corners.BottomRight.Y":100.0,"Corners.TopLeft.X":0.0,"Corners.TopLeft.Y":-100.0,"Corners.TopRight.X":0.0,"Corners.TopRight.Y":-100.0,"Version":51539607669},"sync":0,"versioned_id":"streamfx-filter-transform","volume":1.0},{"balance":0.5,"deinterlace_field_order":0,"deinterlace_mode":0,"enabled":true,"flags":0,"hotkeys":{},"id":"shader_filter","mixers":0,"monitoring_type":0,"muted":false,"name":"User-defined shader","prev_ver":469762051,"private_settings":{},"push-to-mute":false,"push-to-mute-delay":0,"push-to-talk":false,"push-to-talk-delay":0,"settings":{"corner_radius":100,"from_file":true,"shader_file_name":"C:/Program Files/obs-studio/data/obs-plugins/obs-shaderfilter/examples/rounded_rect.shader"},"sync":0,"versioned_id":"shader_filter","volume":1.0},{"balance":0.5,"deinterlace_field_order":0,"deinterlace_mode":0,"enabled":true,"flags":0,"hotkeys":{},"id":"color_filter","mixers":0,"monitoring_type":0,"muted":false,"name":"Corrections colorimétrique","prev_ver":469762051,"private_settings":{},"push-to-mute":false,"push-to-mute-delay":0,"push-to-talk":false,"push-to-talk-delay":0,"settings":{"opacity":0.49149999999999999},"sync":0,"versioned_id":"color_filter_v2","volume":1.0},{"balance":0.5,"deinterlace_field_order":0,"deinterlace_mode":0,"enabled":false,"flags":0,"hotkeys":{},"id":"move_value_filter","mixers":0,"monitoring_type":0,"muted":false,"name":"25%","prev_ver":469762051,"private_settings":{},"push-to-mute":false,"push-to-mute-delay":0,"push-to-talk":false,"push-to-talk-delay":0,"settings":{"Corners.BottomLeft.X":0,"Corners.BottomLeft.Y":0,"Corners.BottomRight.X":100,"Corners.BottomRight.Y":0,"Corners.TopLeft.X":0,"Corners.TopLeft.Y":-100,"Corners.TopRight.X":100,"Corners.TopRight.Y":-100,"duration":40437,"easing_match":0,"end_delay":121311,"filter":"Transformation 3D","move_value_type":1,"next_move":"0%","value_type":0},"sync":0,"versioned_id":"move_value_filter","volume":1.0},{"balance":0.5,"deinterlace_field_order":0,"deinterlace_mode":0,"enabled":false,"flags":0,"hotkeys":{},"id":"move_value_filter","mixers":0,"monitoring_type":0,"muted":false,"name":"0%","prev_ver":469762051,"private_settings":{},"push-to-mute":false,"push-to-mute-delay":0,"push-to-talk":false,"push-to-talk-delay":0,"settings":{"Corners.BottomLeft.X":0.0,"Corners.BottomLeft.Y":100.0,"Corners.BottomRight.X":0.0,"Corners.BottomRight.Y":100.0,"Corners.TopLeft.X":0.0,"Corners.TopLeft.Y":-100.0,"Corners.TopRight.X":0.0,"Corners.TopRight.Y":-100.0,"duration":10,"easing_match":0,"end_delay":0,"filter":"Transformation 3D","move_value_type":1,"next_move":"","simultaneous_move":"","start_delay":0,"value_type":0},"sync":0,"versioned_id":"move_value_filter","volume":1.0}],"flags":0,"hotkeys":{"0%":[],"25%":[]},"id":"color_source","mixers":0,"monitoring_type":0,"muted":false,"name":"1st-progressBar","prev_ver":469762051,"private_settings":{},"push-to-mute":false,"push-to-mute-delay":0,"push-to-talk":false,"push-to-talk-delay":0,"settings":{"color":4294967125,"height":212,"width":212},"sync":0,"versioned_id":"color_source_v3","volume":1.0},{"balance":0.5,"deinterlace_field_order":0,"deinterlace_mode":0,"enabled":true,"filters":[{"balance":0.5,"deinterlace_field_order":0,"deinterlace_mode":0,"enabled":true,"flags":0,"hotkeys":{},"id":"streamfx-filter-transform","mixers":0,"monitoring_type":0,"muted":false,"name":"Transformation 3D","prev_ver":469762051,"private_settings":{},"push-to-mute":false,"push-to-mute-delay":0,"push-to-talk":false,"push-to-talk-delay":0,"settings":{"Commit":"g0ba2849d","Corners.BottomLeft.X":0.0,"Corners.BottomLeft.Y":100.0,"Corners.BottomRight.X":0.0,"Corners.BottomRight.Y":100.0,"Corners.TopLeft.X":0.0,"Corners.TopLeft.Y":-100.0,"Corners.TopRight.X":0.0,"Corners.TopRight.Y":-100.0,"Version":51539607669},"sync":0,"versioned_id":"streamfx-filter-transform","volume":1.0},{"balance":0.5,"deinterlace_field_order":0,"deinterlace_mode":0,"enabled":true,"flags":0,"hotkeys":{},"id":"shader_filter","mixers":0,"monitoring_type":0,"muted":false,"name":"User-defined shader","prev_ver":469762051,"private_settings":{},"push-to-mute":false,"push-to-mute-delay":0,"push-to-talk":false,"push-to-talk-delay":0,"settings":{"corner_radius":100,"from_file":true,"shader_file_name":"C:/Program Files/obs-studio/data/obs-plugins/obs-shaderfilter/examples/rounded_rect.shader"},"sync":0,"versioned_id":"shader_filter","volume":1.0},{"balance":0.5,"deinterlace_field_order":0,"deinterlace_mode":0,"enabled":true,"flags":0,"hotkeys":{},"id":"color_filter","mixers":0,"monitoring_type":0,"muted":false,"name":"Corrections colorimétrique","prev_ver":469762051,"private_settings":{},"push-to-mute":false,"push-to-mute-delay":0,"push-to-talk":false,"push-to-talk-delay":0,"settings":{"opacity":0.49149999999999999},"sync":0,"versioned_id":"color_filter_v2","volume":1.0},{"balance":0.5,"deinterlace_field_order":0,"deinterlace_mode":0,"enabled":false,"flags":0,"hotkeys":{},"id":"move_value_filter","mixers":0,"monitoring_type":0,"muted":false,"name":"25%","prev_ver":469762051,"private_settings":{},"push-to-mute":false,"push-to-mute-delay":0,"push-to-talk":false,"push-to-talk-delay":0,"settings":{"Corners.BottomLeft.X":0,"Corners.BottomLeft.Y":0,"Corners.BottomRight.X":100,"Corners.BottomRight.Y":0,"Corners.TopLeft.X":0,"Corners.TopLeft.Y":-100,"Corners.TopRight.X":100,"Corners.TopRight.Y":-100,"duration":40437,"easing_match":0,"end_delay":80875,"filter":"Transformation 3D","move_value_type":1,"next_move":"0%","start_delay":0,"value_type":0},"sync":0,"versioned_id":"move_value_filter","volume":1.0},{"balance":0.5,"deinterlace_field_order":0,"deinterlace_mode":0,"enabled":false,"flags":0,"hotkeys":{},"id":"move_value_filter","mixers":0,"monitoring_type":0,"muted":false,"name":"0%","prev_ver":469762051,"private_settings":{},"push-to-mute":false,"push-to-mute-delay":0,"push-to-talk":false,"push-to-talk-delay":0,"settings":{"Corners.BottomLeft.X":0.0,"Corners.BottomLeft.Y":100.0,"Corners.BottomRight.X":0.0,"Corners.BottomRight.Y":100.0,"Corners.TopLeft.X":0.0,"Corners.TopLeft.Y":-100.0,"Corners.TopRight.X":0.0,"Corners.TopRight.Y":-100.0,"duration":10,"easing_match":0,"end_delay":0,"filter":"Transformation 3D","move_value_type":1,"next_move":"","start_delay":0,"value_type":0},"sync":0,"versioned_id":"move_value_filter","volume":1.0}],"flags":0,"hotkeys":{"0%":[],"25%":[]},"id":"color_source","mixers":0,"monitoring_type":0,"muted":false,"name":"2nd-progressBar","prev_ver":469762051,"private_settings":{},"push-to-mute":false,"push-to-mute-delay":0,"push-to-talk":false,"push-to-talk-delay":0,"settings":{"color":4294967125,"height":212,"width":212},"sync":0,"versioned_id":"color_source_v3","volume":1.0},{"balance":0.5,"deinterlace_field_order":0,"deinterlace_mode":0,"enabled":true,"filters":[{"balance":0.5,"deinterlace_field_order":0,"deinterlace_mode":0,"enabled":true,"flags":0,"hotkeys":{},"id":"streamfx-filter-transform","mixers":0,"monitoring_type":0,"muted":false,"name":"Transformation 3D","prev_ver":469762051,"private_settings":{},"push-to-mute":false,"push-to-mute-delay":0,"push-to-talk":false,"push-to-talk-delay":0,"settings":{"Commit":"g0ba2849d","Corners.BottomLeft.X":0.0,"Corners.BottomLeft.Y":100.0,"Corners.BottomRight.X":0.0,"Corners.BottomRight.Y":100.0,"Corners.TopLeft.X":0.0,"Corners.TopLeft.Y":-100.0,"Corners.TopRight.X":0.17999999999999999,"Corners.TopRight.Y":-100.0,"Version":51539607669},"sync":0,"versioned_id":"streamfx-filter-transform","volume":1.0},{"balance":0.5,"deinterlace_field_order":0,"deinterlace_mode":0,"enabled":true,"flags":0,"hotkeys":{},"id":"shader_filter","mixers":0,"monitoring_type":0,"muted":false,"name":"User-defined shader","prev_ver":469762051,"private_settings":{},"push-to-mute":false,"push-to-mute-delay":0,"push-to-talk":false,"push-to-talk-delay":0,"settings":{"corner_radius":100,"from_file":true,"shader_file_name":"C:/Program Files/obs-studio/data/obs-plugins/obs-shaderfilter/examples/rounded_rect.shader"},"sync":0,"versioned_id":"shader_filter","volume":1.0},{"balance":0.5,"deinterlace_field_order":0,"deinterlace_mode":0,"enabled":true,"flags":0,"hotkeys":{},"id":"color_filter","mixers":0,"monitoring_type":0,"muted":false,"name":"Corrections colorimétrique","prev_ver":469762051,"private_settings":{},"push-to-mute":false,"push-to-mute-delay":0,"push-to-talk":false,"push-to-talk-delay":0,"settings":{"opacity":0.49149999999999999},"sync":0,"versioned_id":"color_filter_v2","volume":1.0},{"balance":0.5,"deinterlace_field_order":0,"deinterlace_mode":0,"enabled":false,"flags":0,"hotkeys":{},"id":"move_value_filter","mixers":0,"monitoring_type":0,"muted":false,"name":"25%","prev_ver":469762051,"private_settings":{},"push-to-mute":false,"push-to-mute-delay":0,"push-to-talk":false,"push-to-talk-delay":0,"settings":{"Corners.BottomLeft.X":0,"Corners.BottomLeft.Y":0,"Corners.BottomRight.X":100,"Corners.BottomRight.Y":0,"Corners.TopLeft.X":0,"Corners.TopLeft.Y":-100,"Corners.TopRight.X":100,"Corners.TopRight.Y":-100,"duration":40437,"easing_match":0,"end_delay":40437,"filter":"Transformation 3D","move_value_type":1,"next_move":"0%","start_delay":0,"value_type":0},"sync":0,"versioned_id":"move_value_filter","volume":1.0},{"balance":0.5,"deinterlace_field_order":0,"deinterlace_mode":0,"enabled":false,"flags":0,"hotkeys":{},"id":"move_value_filter","mixers":0,"monitoring_type":0,"muted":false,"name":"0%","prev_ver":469762051,"private_settings":{},"push-to-mute":false,"push-to-mute-delay":0,"push-to-talk":false,"push-to-talk-delay":0,"settings":{"Corners.BottomLeft.X":0.0,"Corners.BottomLeft.Y":100.0,"Corners.BottomRight.X":0.0,"Corners.BottomRight.Y":100.0,"Corners.TopLeft.X":0.0,"Corners.TopLeft.Y":-100.0,"Corners.TopRight.X":0.17999999999999999,"Corners.TopRight.Y":-100.0,"duration":10,"easing_match":0,"filter":"Transformation 3D","move_value_type":1,"next_move":"","value_type":0},"sync":0,"versioned_id":"move_value_filter","volume":1.0}],"flags":0,"hotkeys":{"0%":[],"25%":[]},"id":"color_source","mixers":0,"monitoring_type":0,"muted":false,"name":"3rd-progressBar","prev_ver":469762051,"private_settings":{},"push-to-mute":false,"push-to-mute-delay":0,"push-to-talk":false,"push-to-talk-delay":0,"settings":{"color":4294967125,"height":212,"width":212},"sync":0,"versioned_id":"color_source_v3","volume":1.0},{"balance":0.5,"deinterlace_field_order":0,"deinterlace_mode":0,"enabled":true,"filters":[{"balance":0.5,"deinterlace_field_order":0,"deinterlace_mode":0,"enabled":true,"flags":0,"hotkeys":{},"id":"streamfx-filter-transform","mixers":0,"monitoring_type":0,"muted":false,"name":"Transformation 3D","prev_ver":469762051,"private_settings":{},"push-to-mute":false,"push-to-mute-delay":0,"push-to-talk":false,"push-to-talk-delay":0,"settings":{"Commit":"g0ba2849d","Corners.BottomLeft.X":0.0,"Corners.BottomLeft.Y":100.0,"Corners.BottomRight.X":0.0,"Corners.BottomRight.Y":100.0,"Corners.TopLeft.X":0.0,"Corners.TopLeft.Y":-100.0,"Corners.TopRight.X":0.17999999999999999,"Corners.TopRight.Y":-100.0,"Version":51539607669},"sync":0,"versioned_id":"streamfx-filter-transform","volume":1.0},{"balance":0.5,"deinterlace_field_order":0,"deinterlace_mode":0,"enabled":true,"flags":0,"hotkeys":{},"id":"shader_filter","mixers":0,"monitoring_type":0,"muted":false,"name":"User-defined shader","prev_ver":469762051,"private_settings":{},"push-to-mute":false,"push-to-mute-delay":0,"push-to-talk":false,"push-to-talk-delay":0,"settings":{"corner_radius":100,"from_file":true,"shader_file_name":"C:/Program Files/obs-studio/data/obs-plugins/obs-shaderfilter/examples/rounded_rect.shader"},"sync":0,"versioned_id":"shader_filter","volume":1.0},{"balance":0.5,"deinterlace_field_order":0,"deinterlace_mode":0,"enabled":true,"flags":0,"hotkeys":{},"id":"color_filter","mixers":0,"monitoring_type":0,"muted":false,"name":"Corrections colorimétrique","prev_ver":469762051,"private_settings":{},"push-to-mute":false,"push-to-mute-delay":0,"push-to-talk":false,"push-to-talk-delay":0,"settings":{"opacity":0.49149999999999999},"sync":0,"versioned_id":"color_filter_v2","volume":1.0},{"balance":0.5,"deinterlace_field_order":0,"deinterlace_mode":0,"enabled":false,"flags":0,"hotkeys":{},"id":"move_value_filter","mixers":0,"monitoring_type":0,"muted":false,"name":"25%","prev_ver":469762051,"private_settings":{},"push-to-mute":false,"push-to-mute-delay":0,"push-to-talk":false,"push-to-talk-delay":0,"settings":{"Corners.BottomLeft.X":0,"Corners.BottomLeft.Y":0,"Corners.BottomRight.X":100,"Corners.BottomRight.Y":0,"Corners.TopLeft.X":0,"Corners.TopLeft.Y":-100,"Corners.TopRight.X":100,"Corners.TopRight.Y":-100,"duration":40437,"easing_match":0,"end_delay":0,"filter":"Transformation 3D","move_value_type":1,"next_move":"0%","start_delay":0,"value_type":0},"sync":0,"versioned_id":"move_value_filter","volume":1.0},{"balance":0.5,"deinterlace_field_order":0,"deinterlace_mode":0,"enabled":false,"flags":0,"hotkeys":{},"id":"move_value_filter","mixers":0,"monitoring_type":0,"muted":false,"name":"0%","prev_ver":469762051,"private_settings":{},"push-to-mute":false,"push-to-mute-delay":0,"push-to-talk":false,"push-to-talk-delay":0,"settings":{"Corners.BottomLeft.X":0.0,"Corners.BottomLeft.Y":100.0,"Corners.BottomRight.X":0.0,"Corners.BottomRight.Y":100.0,"Corners.TopLeft.X":0.0,"Corners.TopLeft.Y":-100.0,"Corners.TopRight.X":0.17999999999999999,"Corners.TopRight.Y":-100.0,"duration":10,"easing_match":0,"filter":"Transformation 3D","move_value_type":1,"next_move":"","value_type":0},"sync":0,"versioned_id":"move_value_filter","volume":1.0}],"flags":0,"hotkeys":{"0%":[],"25%":[]},"id":"color_source","mixers":0,"monitoring_type":0,"muted":false,"name":"4th-progressBar","prev_ver":469762051,"private_settings":{},"push-to-mute":false,"push-to-mute-delay":0,"push-to-talk":false,"push-to-talk-delay":0,"settings":{"color":4294967125,"height":212,"width":212},"sync":0,"versioned_id":"color_source_v3","volume":1.0},{"balance":0.5,"deinterlace_field_order":0,"deinterlace_mode":0,"enabled":true,"filters":[{"balance":0.5,"deinterlace_field_order":0,"deinterlace_mode":0,"enabled":true,"flags":0,"hotkeys":{},"id":"scroll_filter","mixers":0,"monitoring_type":0,"muted":false,"name":"Défilement","prev_ver":469762051,"private_settings":{},"push-to-mute":false,"push-to-mute-delay":0,"push-to-talk":false,"push-to-talk-delay":0,"settings":{"cx":400,"limit_cx":true,"speed_x":56.0},"sync":0,"versioned_id":"scroll_filter","volume":1.0}],"flags":0,"hotkeys":{},"id":"text_gdiplus","mixers":0,"monitoring_type":0,"muted":false,"name":"[TS] next Artist + Song","prev_ver":469762051,"private_settings":{},"push-to-mute":false,"push-to-mute-delay":0,"push-to-talk":false,"push-to-talk-delay":0,"settings":{"extents":true,"extents_cx":1600,"extents_cy":50,"font":{"face":"Poxel Font","flags":0,"size":36,"style":"Regular"},"text":"!sLike  !sLink  !songOut"},"sync":0,"versioned_id":"text_gdiplus_v2","volume":1.0},{"balance":0.5,"deinterlace_field_order":0,"deinterlace_mode":0,"enabled":true,"filters":[{"balance":0.5,"deinterlace_field_order":0,"deinterlace_mode":0,"enabled":false,"flags":0,"hotkeys":{},"id":"scale_to_sound","mixers":0,"monitoring_type":0,"muted":false,"name":"Scale To Sound","prev_ver":469762051,"private_settings":{},"push-to-mute":false,"push-to-mute-delay":0,"push-to-talk":false,"push-to-talk-delay":0,"settings":{"STS_AUDSRC":"Capture audio d'application (BETA)"},"sync":0,"versioned_id":"scale_to_sound","volume":1.0}],"flags":0,"hotkeys":{},"id":"text_gdiplus","mixers":0,"monitoring_type":0,"muted":false,"name":"[TS] next song ►","prev_ver":469762051,"private_settings":{},"push-to-mute":false,"push-to-mute-delay":0,"push-to-talk":false,"push-to-talk-delay":0,"settings":{"color":16711935,"font":{"face":"Webdings","flags":0,"size":36,"style":"Normal"},"text":":"},"sync":0,"versioned_id":"text_gdiplus_v2","volume":1.0},{"balance":0.5,"deinterlace_field_order":0,"deinterlace_mode":0,"enabled":true,"flags":0,"hotkeys":{},"id":"text_gdiplus","mixers":0,"monitoring_type":0,"muted":false,"name":"[TS] artistName","prev_ver":469762051,"private_settings":{},"push-to-mute":false,"push-to-mute-delay":0,"push-to-talk":false,"push-to-talk-delay":0,"settings":{"align":"center","extents":true,"extents_cx":500,"extents_cy":50,"font":{"face":"Poxel Font","flags":0,"size":48,"style":"Regular"},"text":"SPOT TO SB"},"sync":0,"versioned_id":"text_gdiplus_v2","volume":1.0},{"balance":0.5,"deinterlace_field_order":0,"deinterlace_mode":0,"enabled":true,"flags":0,"hotkeys":{"libobs.mute":[],"libobs.push-to-mute":[],"libobs.push-to-talk":[],"libobs.unmute":[]},"id":"wasapi_process_output_capture","mixers":255,"monitoring_type":0,"muted":false,"name":"[ACS] Capture audio","prev_ver":469762051,"private_settings":{},"push-to-mute":false,"push-to-mute-delay":0,"push-to-talk":false,"push-to-talk-delay":0,"settings":{"priority":2,"window":"Lorn - Acid Rain:Chrome_WidgetWin_0:Spotify.exe"},"sync":0,"versioned_id":"wasapi_process_output_capture","volume":1.0},{"balance":0.5,"deinterlace_field_order":0,"deinterlace_mode":0,"enabled":true,"filters":[{"balance":0.5,"deinterlace_field_order":0,"deinterlace_mode":0,"enabled":true,"flags":0,"hotkeys":{},"id":"shader_filter","mixers":0,"monitoring_type":0,"muted":false,"name":"User-defined shader 2","prev_ver":469762051,"private_settings":{},"push-to-mute":false,"push-to-mute-delay":0,"push-to-talk":false,"push-to-talk-delay":0,"settings":{"corner_radius":150,"from_file":true,"shader_file_name":"C:/Program Files/obs-studio/data/obs-plugins/obs-shaderfilter/examples/rounded_rect.shader"},"sync":0,"versioned_id":"shader_filter","volume":1.0}],"flags":0,"hotkeys":{"ObsBrowser.Refresh":[],"libobs.mute":[],"libobs.push-to-mute":[],"libobs.push-to-talk":[],"libobs.unmute":[]},"id":"browser_source","mixers":255,"monitoring_type":0,"muted":false,"name":"[BS] artworkUrl -2","prev_ver":469762051,"private_settings":{},"push-to-mute":false,"push-to-mute-delay":0,"push-to-talk":false,"push-to-talk-delay":0,"settings":{"height":300,"url":"https://spottosb.pagesperso-orange.fr/spottosb/images/spottosb.png","width":300},"sync":0,"versioned_id":"browser_source","volume":1.0},{"balance":0.5,"deinterlace_field_order":0,"deinterlace_mode":0,"enabled":true,"filters":[{"balance":0.5,"deinterlace_field_order":0,"deinterlace_mode":0,"enabled":false,"flags":0,"hotkeys":{},"id":"move_source_filter","mixers":0,"monitoring_type":0,"muted":false,"name":"Move Source 1","prev_ver":469762051,"private_settings":{},"push-to-mute":false,"push-to-mute-delay":0,"push-to-talk":false,"push-to-talk-delay":0,"settings":{"bounds":{"x":0.0,"x_sign":" ","y":0.0,"y_sign":" "},"crop":{"bottom":106.0,"bottom_sign":" ","left":106.0,"left_sign":" ","right":0.0,"right_sign":" ","top":0.0,"top_sign":" "},"duration":40437,"easing_match":0,"next_move":"Move Source 2","pos":{"x":646.0,"x_sign":" ","y":434.0,"y_sign":" "},"rot":0.0,"rot_sign":" ","scale":{"x":1.0,"x_sign":" ","y":1.0,"y_sign":" "},"simultaneous_move":"25%","source":"1st-progressBar","transform_text":"pos: x 646.0 y 434.0 rot: 0.0 scale: x 1.000 y 1.000 bounds: x 0.000 y 0.000 crop: l 106 t 0 r 0 b 106"},"sync":0,"versioned_id":"move_source_filter","volume":1.0},{"balance":0.5,"deinterlace_field_order":0,"deinterlace_mode":0,"enabled":false,"flags":0,"hotkeys":{},"id":"move_source_filter","mixers":0,"monitoring_type":0,"muted":false,"name":"Move Source 2","prev_ver":469762051,"private_settings":{},"push-to-mute":false,"push-to-mute-delay":0,"push-to-talk":false,"push-to-talk-delay":0,"settings":{"bounds":{"x":0.0,"x_sign":" ","y":0.0,"y_sign":" "},"crop":{"bottom":106.0,"bottom_sign":" ","left":106.0,"left_sign":" ","right":0.0,"right_sign":" ","top":0.0,"top_sign":" "},"duration":40437,"easing_match":0,"next_move":"Move Source 3","pos":{"x":752.0,"x_sign":" ","y":540.0,"y_sign":" "},"rot":90.0,"rot_sign":" ","scale":{"x":1.0,"x_sign":" ","y":1.0,"y_sign":" "},"simultaneous_move":"25%","source":"2nd-progressBar","start_delay":0,"transform_text":"pos: x 752.0 y 540.0 rot: 90.0 scale: x 1.000 y 1.000 bounds: x 0.000 y 0.000 crop: l 106 t 0 r 0 b 106"},"sync":0,"versioned_id":"move_source_filter","volume":1.0},{"balance":0.5,"deinterlace_field_order":0,"deinterlace_mode":0,"enabled":false,"flags":0,"hotkeys":{},"id":"move_source_filter","mixers":0,"monitoring_type":0,"muted":false,"name":"Move Source 3","prev_ver":469762051,"private_settings":{},"push-to-mute":false,"push-to-mute-delay":0,"push-to-talk":false,"push-to-talk-delay":0,"settings":{"bounds":{"x":0.0,"x_sign":" ","y":0.0,"y_sign":" "},"crop":{"bottom":106.0,"bottom_sign":" ","left":106.0,"left_sign":" ","right":0.0,"right_sign":" ","top":0.0,"top_sign":" "},"duration":40437,"easing_match":0,"next_move":"Move Source 4","pos":{"x":646.0,"x_sign":" ","y":646.0,"y_sign":" "},"rot":180.0,"rot_sign":" ","scale":{"x":1.0,"x_sign":" ","y":1.0,"y_sign":" "},"simultaneous_move":"25%","source":"3rd-progressBar","transform_text":"pos: x 646.0 y 646.0 rot: 180.0 scale: x 1.000 y 1.000 bounds: x 0.000 y 0.000 crop: l 106 t 0 r 0 b 106"},"sync":0,"versioned_id":"move_source_filter","volume":1.0},{"balance":0.5,"deinterlace_field_order":0,"deinterlace_mode":0,"enabled":false,"flags":0,"hotkeys":{},"id":"move_source_filter","mixers":0,"monitoring_type":0,"muted":false,"name":"Move Source 4","prev_ver":469762051,"private_settings":{},"push-to-mute":false,"push-to-mute-delay":0,"push-to-talk":false,"push-to-talk-delay":0,"settings":{"bounds":{"x":0.0,"x_sign":" ","y":0.0,"y_sign":" "},"crop":{"bottom":106.0,"bottom_sign":" ","left":106.0,"left_sign":" ","right":0.0,"right_sign":" ","top":0.0,"top_sign":" "},"duration":40437,"easing_match":0,"pos":{"x":540.0,"x_sign":" ","y":540.0,"y_sign":" "},"rot":270.0,"rot_sign":" ","scale":{"x":1.0,"x_sign":" ","y":1.0,"y_sign":" "},"simultaneous_move":"25%","source":"4th-progressBar","transform_text":"pos: x 540.0 y 540.0 rot: 270.0 scale: x 1.000 y 1.000 bounds: x 0.000 y 0.000 crop: l 106 t 0 r 0 b 106"},"sync":0,"versioned_id":"move_source_filter","volume":1.0},{"balance":0.5,"deinterlace_field_order":0,"deinterlace_mode":0,"enabled":true,"flags":0,"hotkeys":{},"id":"move_source_filter","mixers":0,"monitoring_type":0,"muted":false,"name":"0°","prev_ver":469762051,"private_settings":{},"push-to-mute":false,"push-to-mute-delay":0,"push-to-talk":false,"push-to-talk-delay":0,"settings":{"bounds":{"x":1.0,"x_sign":"*","y":1.0,"y_sign":"*"},"crop":{"bottom":0.0,"bottom_sign":"+","left":0.0,"left_sign":"+","right":0.0,"right_sign":"+","top":0.0,"top_sign":"+"},"duration":6000,"easing_match":0,"next_move":"360° 2","pos":{"x":0.0,"x_sign":"+","y":0.0,"y_sign":"+"},"rot":360.0,"rot_sign":"+","scale":{"x":1.0,"x_sign":"*","y":1.0,"y_sign":"*"},"source":"[BS] artworkUrl -2","transform_text":"pos: x+0.0 y+0.0 rot:+360.0 bounds: x*1.000 y*1.000 crop: l+0 t+0 r+0 b+0"},"sync":0,"versioned_id":"move_source_filter","volume":1.0},{"balance":0.5,"deinterlace_field_order":0,"deinterlace_mode":0,"enabled":false,"flags":0,"hotkeys":{},"id":"move_source_filter","mixers":0,"monitoring_type":0,"muted":false,"name":"360° 2","prev_ver":469762051,"private_settings":{},"push-to-mute":false,"push-to-mute-delay":0,"push-to-talk":false,"push-to-talk-delay":0,"settings":{"bounds":{"x":1.0,"x_sign":"*","y":1.0,"y_sign":"*"},"crop":{"bottom":0.0,"bottom_sign":"+","left":0.0,"left_sign":"+","right":0.0,"right_sign":"+","top":0.0,"top_sign":"+"},"duration":6000,"easing_match":0,"next_move":"0°","pos":{"x":0.0,"x_sign":"+","y":0.0,"y_sign":"+"},"rot":360.0,"rot_sign":"+","scale":{"x":1.0,"x_sign":"*","y":1.0,"y_sign":"*"},"source":"[BS] artworkUrl -2","transform_text":"pos: x+0.0 y+0.0 rot:+360.0 scale: x*1.000 y*1.000 bounds: x*1.000 y*1.000 crop: l+0 t+0 r+0 b+0"},"sync":0,"versioned_id":"move_source_filter","volume":1.0},{"balance":0.5,"deinterlace_field_order":0,"deinterlace_mode":0,"enabled":true,"flags":0,"hotkeys":{},"id":"streamfx-filter-transform","mixers":0,"monitoring_type":0,"muted":false,"name":"3D Transform","prev_ver":469762051,"private_settings":{},"push-to-mute":false,"push-to-mute-delay":0,"push-to-talk":false,"push-to-talk-delay":0,"settings":{"Camera.FieldOfView":90.0,"Camera.Mode":1,"Commit":"g0ba2849d","Position.X":0.0,"Position.Y":0.0,"Position.Z":0.0,"Rotation.X":0.0,"Rotation.Y":0.0,"Rotation.Z":0.0,"Scale.X":100.0,"Scale.Y":100.0,"Shear.X":0.0,"Shear.Y":0.0,"Version":51539607669},"sync":0,"versioned_id":"streamfx-filter-transform","volume":1.0},{"balance":0.5,"deinterlace_field_order":0,"deinterlace_mode":0,"enabled":false,"flags":0,"hotkeys":{},"id":"move_value_filter","mixers":0,"monitoring_type":0,"muted":false,"name":"flip off","prev_ver":469762051,"private_settings":{},"push-to-mute":false,"push-to-mute-delay":0,"push-to-talk":false,"push-to-talk-delay":0,"settings":{"Camera.FieldOfView":90.0,"Position.X":0.0,"Position.Y":0.0,"Position.Z":0.0,"Rotation.X":90.0,"Rotation.Y":0.0,"Rotation.Z":0.0,"Scale.X":100.0,"Scale.Y":100.0,"Shear.X":0.0,"Shear.Y":0.0,"filter":"3D Transform","move_value_type":1,"value_type":0},"sync":0,"versioned_id":"move_value_filter","volume":1.0},{"balance":0.5,"deinterlace_field_order":0,"deinterlace_mode":0,"enabled":false,"flags":0,"hotkeys":{},"id":"move_value_filter","mixers":0,"monitoring_type":0,"muted":false,"name":"flip on","prev_ver":469762051,"private_settings":{},"push-to-mute":false,"push-to-mute-delay":0,"push-to-talk":false,"push-to-talk-delay":0,"settings":{"Camera.FieldOfView":90.0,"Position.X":0.0,"Position.Y":0.0,"Position.Z":0.0,"Rotation.X":0.0,"Rotation.Y":0.0,"Rotation.Z":0.0,"Scale.X":100.0,"Scale.Y":100.0,"Shear.X":0.0,"Shear.Y":0.0,"duration":3000,"filter":"3D Transform","move_value_type":1,"value_type":0},"sync":0,"versioned_id":"move_value_filter","volume":1.0}],"flags":0,"hotkeys":{"0°":[],"360° 2":[],"Move Source 1":[],"Move Source 2":[],"Move Source 3":[],"Move Source 4":[],"OBSBasic.SelectScene":[],"flip off":[],"flip on":[],"libobs.hide_scene_item.1st-progressBar":[],"libobs.hide_scene_item.2nd-progressBar":[],"libobs.hide_scene_item.3rd-progressBar":[],"libobs.hide_scene_item.4th-progressBar":[],"libobs.hide_scene_item.BACKGROUND SPOTIFY":[],"libobs.hide_scene_item.Waveform Visualizer":[],"libobs.hide_scene_item.Waveform Visualizer 2":[],"libobs.hide_scene_item.[ACS] Capture audio":[],"libobs.hide_scene_item.[BS] artworkUrl -2":[],"libobs.hide_scene_item.[TS] artistName":[],"libobs.hide_scene_item.[TS] next Artist + Song":[],"libobs.hide_scene_item.[TS] next song ►":[],"libobs.hide_scene_item.[TS] songName":[],"libobs.hide_scene_item.background progressBar":[],"libobs.show_scene_item.1st-progressBar":[],"libobs.show_scene_item.2nd-progressBar":[],"libobs.show_scene_item.3rd-progressBar":[],"libobs.show_scene_item.4th-progressBar":[],"libobs.show_scene_item.BACKGROUND SPOTIFY":[],"libobs.show_scene_item.Waveform Visualizer":[],"libobs.show_scene_item.Waveform Visualizer 2":[],"libobs.show_scene_item.[ACS] Capture audio":[],"libobs.show_scene_item.[BS] artworkUrl -2":[],"libobs.show_scene_item.[TS] artistName":[],"libobs.show_scene_item.[TS] next Artist + Song":[],"libobs.show_scene_item.[TS] next song ►":[],"libobs.show_scene_item.[TS] songName":[],"libobs.show_scene_item.background progressBar":[]},"id":"scene","mixers":0,"monitoring_type":0,"muted":false,"name":"[NS] SPOTIFY - 2","prev_ver":469762051,"private_settings":{},"push-to-mute":false,"push-to-mute-delay":0,"push-to-talk":false,"push-to-talk-delay":0,"settings":{"custom_size":false,"id_counter":25,"items":[{"align":5,"blend_method":"default","blend_type":"normal","bounds":{"x":0.0,"y":0.0},"bounds_align":0,"bounds_type":0,"crop_bottom":0,"crop_left":0,"crop_right":0,"crop_top":0,"group_item_backup":false,"hide_transition":{"duration":0},"id":9,"locked":true,"name":"Waveform Visualizer","pos":{"x":681.0,"y":467.0},"private_settings":{},"rot":0.0,"scale":{"x":0.63875001668930054,"y":0.63999998569488525},"scale_filter":"disable","show_transition":{"duration":0},"visible":true},{"align":5,"blend_method":"default","blend_type":"normal","bounds":{"x":0.0,"y":0.0},"bounds_align":0,"bounds_type":0,"crop_bottom":0,"crop_left":0,"crop_right":0,"crop_top":0,"group_item_backup":false,"hide_transition":{"duration":0},"id":1,"locked":true,"name":"BACKGROUND SPOTIFY","pos":{"x":591.0,"y":442.0},"private_settings":{},"rot":0.0,"scale":{"x":0.63505154848098755,"y":0.63548386096954346},"scale_filter":"disable","show_transition":{"duration":0},"visible":true},{"align":5,"blend_method":"default","blend_type":"normal","bounds":{"x":0.0,"y":0.0},"bounds_align":0,"bounds_type":0,"crop_bottom":0,"crop_left":0,"crop_right":0,"crop_top":0,"group_item_backup":false,"hide_transition":{"duration":0},"id":10,"locked":true,"name":"Waveform Visualizer 2","pos":{"x":660.0,"y":488.0},"private_settings":{},"rot":0.0,"scale":{"x":0.5625,"y":0.56444442272186279},"scale_filter":"disable","show_transition":{"duration":0},"visible":true},{"align":5,"blend_method":"default","blend_type":"normal","bounds":{"x":0.0,"y":0.0},"bounds_align":0,"bounds_type":0,"crop_bottom":0,"crop_left":0,"crop_right":0,"crop_top":0,"group_item_backup":false,"hide_transition":{"duration":0},"id":3,"locked":true,"name":"[TS] songName","pos":{"x":666.0,"y":519.0},"private_settings":{},"rot":0.0,"scale":{"x":1.0,"y":1.0},"scale_filter":"disable","show_transition":{"duration":0},"visible":true},{"align":5,"blend_method":"default","blend_type":"normal","bounds":{"x":0.0,"y":0.0},"bounds_align":0,"bounds_type":0,"crop_bottom":0,"crop_left":0,"crop_right":0,"crop_top":0,"group_item_backup":false,"hide_transition":{"duration":0},"id":17,"locked":true,"name":"background progressBar","pos":{"x":540.0,"y":434.0},"private_settings":{},"rot":0.0,"scale":{"x":1.0,"y":1.0},"scale_filter":"disable","show_transition":{"duration":0},"visible":true},{"align":5,"blend_method":"default","blend_type":"normal","bounds":{"x":0.0,"y":0.0},"bounds_align":0,"bounds_type":0,"crop_bottom":106,"crop_left":106,"crop_right":0,"crop_top":0,"group_item_backup":false,"hide_transition":{"duration":0},"id":13,"locked":true,"name":"1st-progressBar","pos":{"x":646.0,"y":434.0},"private_settings":{},"rot":0.0,"scale":{"x":1.0,"y":1.0},"scale_filter":"disable","show_transition":{"duration":0},"visible":true},{"align":5,"blend_method":"default","blend_type":"normal","bounds":{"x":0.0,"y":0.0},"bounds_align":0,"bounds_type":0,"crop_bottom":106,"crop_left":106,"crop_right":0,"crop_top":0,"group_item_backup":false,"hide_transition":{"duration":0},"id":14,"locked":true,"name":"2nd-progressBar","pos":{"x":752.0,"y":540.0},"private_settings":{},"rot":90.0,"scale":{"x":1.0,"y":1.0},"scale_filter":"disable","show_transition":{"duration":0},"visible":true},{"align":5,"blend_method":"default","blend_type":"normal","bounds":{"x":0.0,"y":0.0},"bounds_align":0,"bounds_type":0,"crop_bottom":106,"crop_left":106,"crop_right":0,"crop_top":0,"group_item_backup":false,"hide_transition":{"duration":0},"id":23,"locked":true,"name":"3rd-progressBar","pos":{"x":646.0,"y":646.0},"private_settings":{},"rot":180.0,"scale":{"x":1.0,"y":1.0},"scale_filter":"disable","show_transition":{"duration":0},"visible":true},{"align":5,"blend_method":"default","blend_type":"normal","bounds":{"x":0.0,"y":0.0},"bounds_align":0,"bounds_type":0,"crop_bottom":106,"crop_left":106,"crop_right":0,"crop_top":0,"group_item_backup":false,"hide_transition":{"duration":0},"id":24,"locked":true,"name":"4th-progressBar","pos":{"x":540.0,"y":540.0},"private_settings":{},"rot":270.0,"scale":{"x":1.0,"y":1.0},"scale_filter":"disable","show_transition":{"duration":0},"visible":true},{"align":5,"blend_method":"default","blend_type":"normal","bounds":{"x":0.0,"y":0.0},"bounds_align":0,"bounds_type":0,"crop_bottom":0,"crop_left":0,"crop_right":0,"crop_top":0,"group_item_backup":false,"hide_transition":{"duration":0},"id":5,"locked":true,"name":"[TS] next Artist + Song","pos":{"x":773.0,"y":584.0},"private_settings":{},"rot":0.0,"scale":{"x":1.0,"y":1.0},"scale_filter":"disable","show_transition":{"duration":0},"visible":true},{"align":5,"blend_method":"default","blend_type":"normal","bounds":{"x":0.0,"y":0.0},"bounds_align":0,"bounds_type":0,"crop_bottom":0,"crop_left":0,"crop_right":0,"crop_top":0,"group_item_backup":false,"hide_transition":{"duration":0},"id":6,"locked":true,"name":"[TS] next song ►","pos":{"x":743.0,"y":583.0},"private_settings":{},"rot":0.0,"scale":{"x":1.0,"y":1.0},"scale_filter":"disable","show_transition":{"duration":0},"visible":true},{"align":5,"blend_method":"default","blend_type":"normal","bounds":{"x":0.0,"y":0.0},"bounds_align":0,"bounds_type":0,"crop_bottom":0,"crop_left":0,"crop_right":0,"crop_top":0,"group_item_backup":false,"hide_transition":{"duration":0},"id":7,"locked":true,"name":"[TS] artistName","pos":{"x":722.0,"y":452.0},"private_settings":{},"rot":0.0,"scale":{"x":1.0,"y":1.0},"scale_filter":"disable","show_transition":{"duration":0},"visible":true},{"align":5,"blend_method":"default","blend_type":"normal","bounds":{"x":0.0,"y":0.0},"bounds_align":0,"bounds_type":0,"crop_bottom":0,"crop_left":0,"crop_right":0,"crop_top":0,"group_item_backup":false,"hide_transition":{"duration":0},"id":8,"locked":true,"name":"[ACS] Capture audio","pos":{"x":0.0,"y":0.0},"private_settings":{},"rot":0.0,"scale":{"x":1.0,"y":1.0},"scale_filter":"disable","show_transition":{"duration":0},"visible":true},{"align":0,"blend_method":"default","blend_type":"normal","bounds":{"x":200.0,"y":200.0},"bounds_align":0,"bounds_type":1,"crop_bottom":0,"crop_left":0,"crop_right":0,"crop_top":0,"group_item_backup":false,"hide_transition":{"duration":0},"id":25,"locked":true,"name":"[BS] artworkUrl -2","pos":{"x":646.0,"y":540.0},"private_settings":{},"rot":13999130.0,"scale":{"x":1.0,"y":1.0},"scale_filter":"disable","show_transition":{"duration":0},"visible":true}]},"sync":0,"versioned_id":"scene","volume":1.0}]}