{"sources":[{"balance":0.5,"deinterlace_field_order":0,"deinterlace_mode":0,"enabled":true,"flags":0,"hotkeys":{},"id":"color_source","mixers":0,"monitoring_type":0,"muted":false,"name":"tictactoe_background","prev_ver":469762051,"private_settings":{},"push-to-mute":false,"push-to-mute-delay":0,"push-to-talk":false,"push-to-talk-delay":0,"settings":{"color":2516582400,"height":933,"width":933},"sync":0,"versioned_id":"color_source_v3","volume":1.0},{"balance":0.5,"deinterlace_field_order":0,"deinterlace_mode":0,"enabled":true,"filters":[{"balance":0.5,"deinterlace_field_order":0,"deinterlace_mode":0,"enabled":true,"flags":0,"hotkeys":{},"id":"shader_filter","mixers":0,"monitoring_type":0,"muted":false,"name":"User-defined shader","prev_ver":469762051,"private_settings":{},"push-to-mute":false,"push-to-mute-delay":0,"push-to-talk":false,"push-to-talk-delay":0,"settings":{"border_thickness":6,"from_file":true,"shader_file_name":"C:/Program Files/obs-studio/data/obs-plugins/obs-shaderfilter/examples/rounded_rect.shader"},"sync":0,"versioned_id":"shader_filter","volume":1.0},{"balance":0.5,"deinterlace_field_order":0,"deinterlace_mode":0,"enabled":true,"flags":0,"hotkeys":{},"id":"shader_filter","mixers":0,"monitoring_type":0,"muted":false,"name":"User-defined shader 2","prev_ver":469762051,"private_settings":{},"push-to-mute":false,"push-to-mute-delay":0,"push-to-talk":false,"push-to-talk-delay":0,"settings":{"border_thickness":6,"corner_radius":55,"from_file":true,"shader_file_name":"C:/Program Files/obs-studio/data/obs-plugins/obs-shaderfilter/examples/rounded_rect.shader"},"sync":0,"versioned_id":"shader_filter","volume":1.0}],"flags":0,"hotkeys":{},"id":"color_source","mixers":0,"monitoring_type":0,"muted":false,"name":"caseA1","prev_ver":469762051,"private_settings":{},"push-to-mute":false,"push-to-mute-delay":0,"push-to-talk":false,"push-to-talk-delay":0,"settings":{"color":1677721600,"height":300,"width":300},"sync":0,"versioned_id":"color_source_v3","volume":1.0},{"balance":0.5,"deinterlace_field_order":0,"deinterlace_mode":0,"enabled":true,"filters":[{"balance":0.5,"deinterlace_field_order":0,"deinterlace_mode":0,"enabled":true,"flags":0,"hotkeys":{},"id":"shader_filter","mixers":0,"monitoring_type":0,"muted":false,"name":"User-defined shader","prev_ver":469762051,"private_settings":{},"push-to-mute":false,"push-to-mute-delay":0,"push-to-talk":false,"push-to-talk-delay":0,"settings":{"border_thickness":6,"corner_radius":55,"from_file":true,"shader_file_name":"C:/Program Files/obs-studio/data/obs-plugins/obs-shaderfilter/examples/rounded_rect.shader"},"sync":0,"versioned_id":"shader_filter","volume":1.0}],"flags":0,"hotkeys":{},"id":"color_source","mixers":0,"monitoring_type":0,"muted":false,"name":"caseA2","prev_ver":469762051,"private_settings":{},"push-to-mute":false,"push-to-mute-delay":0,"push-to-talk":false,"push-to-talk-delay":0,"settings":{"color":1677721600,"height":300,"width":300},"sync":0,"versioned_id":"color_source_v3","volume":1.0},{"balance":0.5,"deinterlace_field_order":0,"deinterlace_mode":0,"enabled":true,"filters":[{"balance":0.5,"deinterlace_field_order":0,"deinterlace_mode":0,"enabled":true,"flags":0,"hotkeys":{},"id":"shader_filter","mixers":0,"monitoring_type":0,"muted":false,"name":"User-defined shader","prev_ver":469762051,"private_settings":{},"push-to-mute":false,"push-to-mute-delay":0,"push-to-talk":false,"push-to-talk-delay":0,"settings":{"border_thickness":6,"corner_radius":55,"from_file":true,"shader_file_name":"C:/Program Files/obs-studio/data/obs-plugins/obs-shaderfilter/examples/rounded_rect.shader"},"sync":0,"versioned_id":"shader_filter","volume":1.0}],"flags":0,"hotkeys":{},"id":"color_source","mixers":0,"monitoring_type":0,"muted":false,"name":"caseA3","prev_ver":469762051,"private_settings":{},"push-to-mute":false,"push-to-mute-delay":0,"push-to-talk":false,"push-to-talk-delay":0,"settings":{"color":1677721600,"height":300,"width":300},"sync":0,"versioned_id":"color_source_v3","volume":1.0},{"balance":0.5,"deinterlace_field_order":0,"deinterlace_mode":0,"enabled":true,"filters":[{"balance":0.5,"deinterlace_field_order":0,"deinterlace_mode":0,"enabled":true,"flags":0,"hotkeys":{},"id":"shader_filter","mixers":0,"monitoring_type":0,"muted":false,"name":"User-defined shader","prev_ver":469762051,"private_settings":{},"push-to-mute":false,"push-to-mute-delay":0,"push-to-talk":false,"push-to-talk-delay":0,"settings":{"border_thickness":6,"corner_radius":55,"from_file":true,"shader_file_name":"C:/Program Files/obs-studio/data/obs-plugins/obs-shaderfilter/examples/rounded_rect.shader"},"sync":0,"versioned_id":"shader_filter","volume":1.0}],"flags":0,"hotkeys":{},"id":"color_source","mixers":0,"monitoring_type":0,"muted":false,"name":"caseB1","prev_ver":469762051,"private_settings":{},"push-to-mute":false,"push-to-mute-delay":0,"push-to-talk":false,"push-to-talk-delay":0,"settings":{"color":1677721600,"height":300,"width":300},"sync":0,"versioned_id":"color_source_v3","volume":1.0},{"balance":0.5,"deinterlace_field_order":0,"deinterlace_mode":0,"enabled":true,"filters":[{"balance":0.5,"deinterlace_field_order":0,"deinterlace_mode":0,"enabled":true,"flags":0,"hotkeys":{},"id":"shader_filter","mixers":0,"monitoring_type":0,"muted":false,"name":"User-defined shader","prev_ver":469762051,"private_settings":{},"push-to-mute":false,"push-to-mute-delay":0,"push-to-talk":false,"push-to-talk-delay":0,"settings":{"border_thickness":6,"corner_radius":55,"from_file":true,"shader_file_name":"C:/Program Files/obs-studio/data/obs-plugins/obs-shaderfilter/examples/rounded_rect.shader"},"sync":0,"versioned_id":"shader_filter","volume":1.0}],"flags":0,"hotkeys":{},"id":"color_source","mixers":0,"monitoring_type":0,"muted":false,"name":"caseB2","prev_ver":469762051,"private_settings":{},"push-to-mute":false,"push-to-mute-delay":0,"push-to-talk":false,"push-to-talk-delay":0,"settings":{"color":1677721600,"height":300,"width":300},"sync":0,"versioned_id":"color_source_v3","volume":1.0},{"balance":0.5,"deinterlace_field_order":0,"deinterlace_mode":0,"enabled":true,"filters":[{"balance":0.5,"deinterlace_field_order":0,"deinterlace_mode":0,"enabled":true,"flags":0,"hotkeys":{},"id":"shader_filter","mixers":0,"monitoring_type":0,"muted":false,"name":"User-defined shader","prev_ver":469762051,"private_settings":{},"push-to-mute":false,"push-to-mute-delay":0,"push-to-talk":false,"push-to-talk-delay":0,"settings":{"border_thickness":6,"corner_radius":55,"from_file":true,"shader_file_name":"C:/Program Files/obs-studio/data/obs-plugins/obs-shaderfilter/examples/rounded_rect.shader"},"sync":0,"versioned_id":"shader_filter","volume":1.0}],"flags":0,"hotkeys":{},"id":"color_source","mixers":0,"monitoring_type":0,"muted":false,"name":"caseB3","prev_ver":469762051,"private_settings":{},"push-to-mute":false,"push-to-mute-delay":0,"push-to-talk":false,"push-to-talk-delay":0,"settings":{"color":1677721600,"height":300,"width":300},"sync":0,"versioned_id":"color_source_v3","volume":1.0},{"balance":0.5,"deinterlace_field_order":0,"deinterlace_mode":0,"enabled":true,"filters":[{"balance":0.5,"deinterlace_field_order":0,"deinterlace_mode":0,"enabled":true,"flags":0,"hotkeys":{},"id":"shader_filter","mixers":0,"monitoring_type":0,"muted":false,"name":"User-defined shader","prev_ver":469762051,"private_settings":{},"push-to-mute":false,"push-to-mute-delay":0,"push-to-talk":false,"push-to-talk-delay":0,"settings":{"border_thickness":6,"corner_radius":55,"from_file":true,"shader_file_name":"C:/Program Files/obs-studio/data/obs-plugins/obs-shaderfilter/examples/rounded_rect.shader"},"sync":0,"versioned_id":"shader_filter","volume":1.0}],"flags":0,"hotkeys":{},"id":"color_source","mixers":0,"monitoring_type":0,"muted":false,"name":"caseC1","prev_ver":469762051,"private_settings":{},"push-to-mute":false,"push-to-mute-delay":0,"push-to-talk":false,"push-to-talk-delay":0,"settings":{"color":1677721600,"height":300,"width":300},"sync":0,"versioned_id":"color_source_v3","volume":1.0},{"balance":0.5,"deinterlace_field_order":0,"deinterlace_mode":0,"enabled":true,"filters":[{"balance":0.5,"deinterlace_field_order":0,"deinterlace_mode":0,"enabled":true,"flags":0,"hotkeys":{},"id":"shader_filter","mixers":0,"monitoring_type":0,"muted":false,"name":"User-defined shader","prev_ver":469762051,"private_settings":{},"push-to-mute":false,"push-to-mute-delay":0,"push-to-talk":false,"push-to-talk-delay":0,"settings":{"border_thickness":6,"corner_radius":55,"from_file":true,"shader_file_name":"C:/Program Files/obs-studio/data/obs-plugins/obs-shaderfilter/examples/rounded_rect.shader"},"sync":0,"versioned_id":"shader_filter","volume":1.0}],"flags":0,"hotkeys":{},"id":"color_source","mixers":0,"monitoring_type":0,"muted":false,"name":"caseC2","prev_ver":469762051,"private_settings":{},"push-to-mute":false,"push-to-mute-delay":0,"push-to-talk":false,"push-to-talk-delay":0,"settings":{"color":1677721600,"height":300,"width":300},"sync":0,"versioned_id":"color_source_v3","volume":1.0},{"balance":0.5,"deinterlace_field_order":0,"deinterlace_mode":0,"enabled":true,"filters":[{"balance":0.5,"deinterlace_field_order":0,"deinterlace_mode":0,"enabled":true,"flags":0,"hotkeys":{},"id":"shader_filter","mixers":0,"monitoring_type":0,"muted":false,"name":"User-defined shader","prev_ver":469762051,"private_settings":{},"push-to-mute":false,"push-to-mute-delay":0,"push-to-talk":false,"push-to-talk-delay":0,"settings":{"border_thickness":6,"corner_radius":55,"from_file":true,"shader_file_name":"C:/Program Files/obs-studio/data/obs-plugins/obs-shaderfilter/examples/rounded_rect.shader"},"sync":0,"versioned_id":"shader_filter","volume":1.0}],"flags":0,"hotkeys":{},"id":"color_source","mixers":0,"monitoring_type":0,"muted":false,"name":"caseC3","prev_ver":469762051,"private_settings":{},"push-to-mute":false,"push-to-mute-delay":0,"push-to-talk":false,"push-to-talk-delay":0,"settings":{"color":1677721600,"height":300,"width":300},"sync":0,"versioned_id":"color_source_v3","volume":1.0},{"balance":0.5,"deinterlace_field_order":0,"deinterlace_mode":0,"enabled":true,"filters":[{"balance":0.5,"deinterlace_field_order":0,"deinterlace_mode":0,"enabled":true,"flags":0,"hotkeys":{},"id":"color_filter","mixers":0,"monitoring_type":0,"muted":false,"name":"Corrections colorimétrique","prev_ver":469762051,"private_settings":{},"push-to-mute":false,"push-to-mute-delay":0,"push-to-talk":false,"push-to-talk-delay":0,"settings":{"opacity":0.5},"sync":0,"versioned_id":"color_filter_v2","volume":1.0},{"balance":0.5,"deinterlace_field_order":0,"deinterlace_mode":0,"enabled":true,"flags":0,"hotkeys":{},"id":"shader_filter","mixers":0,"monitoring_type":0,"muted":false,"name":"User-defined shader","prev_ver":469762051,"private_settings":{},"push-to-mute":false,"push-to-mute-delay":0,"push-to-talk":false,"push-to-talk-delay":0,"settings":{"border_thickness":6,"corner_radius":55,"from_file":true,"shader_file_name":"C:/Program Files/obs-studio/data/obs-plugins/obs-shaderfilter/examples/rounded_rect.shader"},"sync":0,"versioned_id":"shader_filter","volume":1.0}],"flags":0,"hotkeys":{"ObsBrowser.Refresh":[],"libobs.mute":[],"libobs.push-to-mute":[],"libobs.push-to-talk":[],"libobs.unmute":[]},"id":"browser_source","mixers":255,"monitoring_type":0,"muted":false,"name":"P1-A1-B","prev_ver":469762051,"private_settings":{},"push-to-mute":false,"push-to-mute-delay":0,"push-to-talk":false,"push-to-talk-delay":0,"settings":{"height":300,"url":"about:blank","width":300},"sync":0,"versioned_id":"browser_source","volume":1.0},{"balance":0.5,"deinterlace_field_order":0,"deinterlace_mode":0,"enabled":true,"filters":[{"balance":0.5,"deinterlace_field_order":0,"deinterlace_mode":0,"enabled":true,"flags":0,"hotkeys":{},"id":"color_filter","mixers":0,"monitoring_type":0,"muted":false,"name":"Corrections colorimétrique","prev_ver":469762051,"private_settings":{},"push-to-mute":false,"push-to-mute-delay":0,"push-to-talk":false,"push-to-talk-delay":0,"settings":{"opacity":0.5},"sync":0,"versioned_id":"color_filter_v2","volume":1.0},{"balance":0.5,"deinterlace_field_order":0,"deinterlace_mode":0,"enabled":true,"flags":0,"hotkeys":{},"id":"shader_filter","mixers":0,"monitoring_type":0,"muted":false,"name":"User-defined shader","prev_ver":469762051,"private_settings":{},"push-to-mute":false,"push-to-mute-delay":0,"push-to-talk":false,"push-to-talk-delay":0,"settings":{"border_thickness":6,"corner_radius":55,"from_file":true,"shader_file_name":"C:/Program Files/obs-studio/data/obs-plugins/obs-shaderfilter/examples/rounded_rect.shader"},"sync":0,"versioned_id":"shader_filter","volume":1.0}],"flags":0,"hotkeys":{"ObsBrowser.Refresh":[],"libobs.mute":[],"libobs.push-to-mute":[],"libobs.push-to-talk":[],"libobs.unmute":[]},"id":"browser_source","mixers":255,"monitoring_type":0,"muted":false,"name":"P2-A1-B","prev_ver":469762051,"private_settings":{},"push-to-mute":false,"push-to-mute-delay":0,"push-to-talk":false,"push-to-talk-delay":0,"settings":{"height":300,"url":"about:blank","width":300},"sync":0,"versioned_id":"browser_source","volume":1.0},{"balance":0.5,"deinterlace_field_order":0,"deinterlace_mode":0,"enabled":true,"filters":[{"balance":0.5,"deinterlace_field_order":0,"deinterlace_mode":0,"enabled":true,"flags":0,"hotkeys":{},"id":"color_filter","mixers":0,"monitoring_type":0,"muted":false,"name":"Corrections colorimétrique","prev_ver":469762051,"private_settings":{},"push-to-mute":false,"push-to-mute-delay":0,"push-to-talk":false,"push-to-talk-delay":0,"settings":{"opacity":0.5},"sync":0,"versioned_id":"color_filter_v2","volume":1.0},{"balance":0.5,"deinterlace_field_order":0,"deinterlace_mode":0,"enabled":true,"flags":0,"hotkeys":{},"id":"shader_filter","mixers":0,"monitoring_type":0,"muted":false,"name":"User-defined shader","prev_ver":469762051,"private_settings":{},"push-to-mute":false,"push-to-mute-delay":0,"push-to-talk":false,"push-to-talk-delay":0,"settings":{"border_thickness":6,"corner_radius":55,"from_file":true,"shader_file_name":"C:/Program Files/obs-studio/data/obs-plugins/obs-shaderfilter/examples/rounded_rect.shader"},"sync":0,"versioned_id":"shader_filter","volume":1.0}],"flags":0,"hotkeys":{"ObsBrowser.Refresh":[],"libobs.mute":[],"libobs.push-to-mute":[],"libobs.push-to-talk":[],"libobs.unmute":[]},"id":"browser_source","mixers":255,"monitoring_type":0,"muted":false,"name":"P1-A2-B","prev_ver":469762051,"private_settings":{},"push-to-mute":false,"push-to-mute-delay":0,"push-to-talk":false,"push-to-talk-delay":0,"settings":{"height":300,"url":"about:blank","width":300},"sync":0,"versioned_id":"browser_source","volume":1.0},{"balance":0.5,"deinterlace_field_order":0,"deinterlace_mode":0,"enabled":true,"filters":[{"balance":0.5,"deinterlace_field_order":0,"deinterlace_mode":0,"enabled":true,"flags":0,"hotkeys":{},"id":"color_filter","mixers":0,"monitoring_type":0,"muted":false,"name":"Corrections colorimétrique","prev_ver":469762051,"private_settings":{},"push-to-mute":false,"push-to-mute-delay":0,"push-to-talk":false,"push-to-talk-delay":0,"settings":{"opacity":0.5},"sync":0,"versioned_id":"color_filter_v2","volume":1.0},{"balance":0.5,"deinterlace_field_order":0,"deinterlace_mode":0,"enabled":true,"flags":0,"hotkeys":{},"id":"shader_filter","mixers":0,"monitoring_type":0,"muted":false,"name":"User-defined shader","prev_ver":469762051,"private_settings":{},"push-to-mute":false,"push-to-mute-delay":0,"push-to-talk":false,"push-to-talk-delay":0,"settings":{"border_thickness":6,"corner_radius":55,"from_file":true,"shader_file_name":"C:/Program Files/obs-studio/data/obs-plugins/obs-shaderfilter/examples/rounded_rect.shader"},"sync":0,"versioned_id":"shader_filter","volume":1.0}],"flags":0,"hotkeys":{"ObsBrowser.Refresh":[],"libobs.mute":[],"libobs.push-to-mute":[],"libobs.push-to-talk":[],"libobs.unmute":[]},"id":"browser_source","mixers":255,"monitoring_type":0,"muted":false,"name":"P2-A2-B","prev_ver":469762051,"private_settings":{},"push-to-mute":false,"push-to-mute-delay":0,"push-to-talk":false,"push-to-talk-delay":0,"settings":{"height":300,"url":"about:blank","width":300},"sync":0,"versioned_id":"browser_source","volume":1.0},{"balance":0.5,"deinterlace_field_order":0,"deinterlace_mode":0,"enabled":true,"filters":[{"balance":0.5,"deinterlace_field_order":0,"deinterlace_mode":0,"enabled":true,"flags":0,"hotkeys":{},"id":"color_filter","mixers":0,"monitoring_type":0,"muted":false,"name":"Corrections colorimétrique","prev_ver":469762051,"private_settings":{},"push-to-mute":false,"push-to-mute-delay":0,"push-to-talk":false,"push-to-talk-delay":0,"settings":{"opacity":0.5},"sync":0,"versioned_id":"color_filter_v2","volume":1.0},{"balance":0.5,"deinterlace_field_order":0,"deinterlace_mode":0,"enabled":true,"flags":0,"hotkeys":{},"id":"shader_filter","mixers":0,"monitoring_type":0,"muted":false,"name":"User-defined shader","prev_ver":469762051,"private_settings":{},"push-to-mute":false,"push-to-mute-delay":0,"push-to-talk":false,"push-to-talk-delay":0,"settings":{"border_thickness":6,"corner_radius":55,"from_file":true,"shader_file_name":"C:/Program Files/obs-studio/data/obs-plugins/obs-shaderfilter/examples/rounded_rect.shader"},"sync":0,"versioned_id":"shader_filter","volume":1.0}],"flags":0,"hotkeys":{"ObsBrowser.Refresh":[],"libobs.mute":[],"libobs.push-to-mute":[],"libobs.push-to-talk":[],"libobs.unmute":[]},"id":"browser_source","mixers":255,"monitoring_type":0,"muted":false,"name":"P1-A3-B","prev_ver":469762051,"private_settings":{},"push-to-mute":false,"push-to-mute-delay":0,"push-to-talk":false,"push-to-talk-delay":0,"settings":{"height":300,"url":"about:blank","width":300},"sync":0,"versioned_id":"browser_source","volume":1.0},{"balance":0.5,"deinterlace_field_order":0,"deinterlace_mode":0,"enabled":true,"filters":[{"balance":0.5,"deinterlace_field_order":0,"deinterlace_mode":0,"enabled":true,"flags":0,"hotkeys":{},"id":"color_filter","mixers":0,"monitoring_type":0,"muted":false,"name":"Corrections colorimétrique","prev_ver":469762051,"private_settings":{},"push-to-mute":false,"push-to-mute-delay":0,"push-to-talk":false,"push-to-talk-delay":0,"settings":{"opacity":0.5},"sync":0,"versioned_id":"color_filter_v2","volume":1.0},{"balance":0.5,"deinterlace_field_order":0,"deinterlace_mode":0,"enabled":true,"flags":0,"hotkeys":{},"id":"shader_filter","mixers":0,"monitoring_type":0,"muted":false,"name":"User-defined shader","prev_ver":469762051,"private_settings":{},"push-to-mute":false,"push-to-mute-delay":0,"push-to-talk":false,"push-to-talk-delay":0,"settings":{"border_thickness":6,"corner_radius":55,"from_file":true,"shader_file_name":"C:/Program Files/obs-studio/data/obs-plugins/obs-shaderfilter/examples/rounded_rect.shader"},"sync":0,"versioned_id":"shader_filter","volume":1.0}],"flags":0,"hotkeys":{"ObsBrowser.Refresh":[],"libobs.mute":[],"libobs.push-to-mute":[],"libobs.push-to-talk":[],"libobs.unmute":[]},"id":"browser_source","mixers":255,"monitoring_type":0,"muted":false,"name":"P2-A3-B","prev_ver":469762051,"private_settings":{},"push-to-mute":false,"push-to-mute-delay":0,"push-to-talk":false,"push-to-talk-delay":0,"settings":{"height":300,"url":"about:blank","width":300},"sync":0,"versioned_id":"browser_source","volume":1.0},{"balance":0.5,"deinterlace_field_order":0,"deinterlace_mode":0,"enabled":true,"filters":[{"balance":0.5,"deinterlace_field_order":0,"deinterlace_mode":0,"enabled":true,"flags":0,"hotkeys":{},"id":"color_filter","mixers":0,"monitoring_type":0,"muted":false,"name":"Corrections colorimétrique","prev_ver":469762051,"private_settings":{},"push-to-mute":false,"push-to-mute-delay":0,"push-to-talk":false,"push-to-talk-delay":0,"settings":{"opacity":0.5},"sync":0,"versioned_id":"color_filter_v2","volume":1.0},{"balance":0.5,"deinterlace_field_order":0,"deinterlace_mode":0,"enabled":true,"flags":0,"hotkeys":{},"id":"shader_filter","mixers":0,"monitoring_type":0,"muted":false,"name":"User-defined shader","prev_ver":469762051,"private_settings":{},"push-to-mute":false,"push-to-mute-delay":0,"push-to-talk":false,"push-to-talk-delay":0,"settings":{"border_thickness":6,"corner_radius":55,"from_file":true,"shader_file_name":"C:/Program Files/obs-studio/data/obs-plugins/obs-shaderfilter/examples/rounded_rect.shader"},"sync":0,"versioned_id":"shader_filter","volume":1.0}],"flags":0,"hotkeys":{"ObsBrowser.Refresh":[],"libobs.mute":[],"libobs.push-to-mute":[],"libobs.push-to-talk":[],"libobs.unmute":[]},"id":"browser_source","mixers":255,"monitoring_type":0,"muted":false,"name":"P1-B1-B","prev_ver":469762051,"private_settings":{},"push-to-mute":false,"push-to-mute-delay":0,"push-to-talk":false,"push-to-talk-delay":0,"settings":{"height":300,"url":"about:blank","width":300},"sync":0,"versioned_id":"browser_source","volume":1.0},{"balance":0.5,"deinterlace_field_order":0,"deinterlace_mode":0,"enabled":true,"filters":[{"balance":0.5,"deinterlace_field_order":0,"deinterlace_mode":0,"enabled":true,"flags":0,"hotkeys":{},"id":"color_filter","mixers":0,"monitoring_type":0,"muted":false,"name":"Corrections colorimétrique","prev_ver":469762051,"private_settings":{},"push-to-mute":false,"push-to-mute-delay":0,"push-to-talk":false,"push-to-talk-delay":0,"settings":{"opacity":0.5},"sync":0,"versioned_id":"color_filter_v2","volume":1.0},{"balance":0.5,"deinterlace_field_order":0,"deinterlace_mode":0,"enabled":true,"flags":0,"hotkeys":{},"id":"shader_filter","mixers":0,"monitoring_type":0,"muted":false,"name":"User-defined shader","prev_ver":469762051,"private_settings":{},"push-to-mute":false,"push-to-mute-delay":0,"push-to-talk":false,"push-to-talk-delay":0,"settings":{"border_thickness":6,"corner_radius":55,"from_file":true,"shader_file_name":"C:/Program Files/obs-studio/data/obs-plugins/obs-shaderfilter/examples/rounded_rect.shader"},"sync":0,"versioned_id":"shader_filter","volume":1.0}],"flags":0,"hotkeys":{"ObsBrowser.Refresh":[],"libobs.mute":[],"libobs.push-to-mute":[],"libobs.push-to-talk":[],"libobs.unmute":[]},"id":"browser_source","mixers":255,"monitoring_type":0,"muted":false,"name":"P2-B1-B","prev_ver":469762051,"private_settings":{},"push-to-mute":false,"push-to-mute-delay":0,"push-to-talk":false,"push-to-talk-delay":0,"settings":{"height":300,"url":"about:blank","width":300},"sync":0,"versioned_id":"browser_source","volume":1.0},{"balance":0.5,"deinterlace_field_order":0,"deinterlace_mode":0,"enabled":true,"filters":[{"balance":0.5,"deinterlace_field_order":0,"deinterlace_mode":0,"enabled":true,"flags":0,"hotkeys":{},"id":"color_filter","mixers":0,"monitoring_type":0,"muted":false,"name":"Corrections colorimétrique","prev_ver":469762051,"private_settings":{},"push-to-mute":false,"push-to-mute-delay":0,"push-to-talk":false,"push-to-talk-delay":0,"settings":{"opacity":0.5},"sync":0,"versioned_id":"color_filter_v2","volume":1.0},{"balance":0.5,"deinterlace_field_order":0,"deinterlace_mode":0,"enabled":true,"flags":0,"hotkeys":{},"id":"shader_filter","mixers":0,"monitoring_type":0,"muted":false,"name":"User-defined shader","prev_ver":469762051,"private_settings":{},"push-to-mute":false,"push-to-mute-delay":0,"push-to-talk":false,"push-to-talk-delay":0,"settings":{"border_thickness":6,"corner_radius":55,"from_file":true,"shader_file_name":"C:/Program Files/obs-studio/data/obs-plugins/obs-shaderfilter/examples/rounded_rect.shader"},"sync":0,"versioned_id":"shader_filter","volume":1.0}],"flags":0,"hotkeys":{"ObsBrowser.Refresh":[],"libobs.mute":[],"libobs.push-to-mute":[],"libobs.push-to-talk":[],"libobs.unmute":[]},"id":"browser_source","mixers":255,"monitoring_type":0,"muted":false,"name":"P1-B2-B","prev_ver":469762051,"private_settings":{},"push-to-mute":false,"push-to-mute-delay":0,"push-to-talk":false,"push-to-talk-delay":0,"settings":{"height":300,"url":"about:blank","width":300},"sync":0,"versioned_id":"browser_source","volume":1.0},{"balance":0.5,"deinterlace_field_order":0,"deinterlace_mode":0,"enabled":true,"filters":[{"balance":0.5,"deinterlace_field_order":0,"deinterlace_mode":0,"enabled":true,"flags":0,"hotkeys":{},"id":"color_filter","mixers":0,"monitoring_type":0,"muted":false,"name":"Corrections colorimétrique","prev_ver":469762051,"private_settings":{},"push-to-mute":false,"push-to-mute-delay":0,"push-to-talk":false,"push-to-talk-delay":0,"settings":{"opacity":0.5},"sync":0,"versioned_id":"color_filter_v2","volume":1.0},{"balance":0.5,"deinterlace_field_order":0,"deinterlace_mode":0,"enabled":true,"flags":0,"hotkeys":{},"id":"shader_filter","mixers":0,"monitoring_type":0,"muted":false,"name":"User-defined shader","prev_ver":469762051,"private_settings":{},"push-to-mute":false,"push-to-mute-delay":0,"push-to-talk":false,"push-to-talk-delay":0,"settings":{"border_thickness":6,"corner_radius":55,"from_file":true,"shader_file_name":"C:/Program Files/obs-studio/data/obs-plugins/obs-shaderfilter/examples/rounded_rect.shader"},"sync":0,"versioned_id":"shader_filter","volume":1.0}],"flags":0,"hotkeys":{"ObsBrowser.Refresh":[],"libobs.mute":[],"libobs.push-to-mute":[],"libobs.push-to-talk":[],"libobs.unmute":[]},"id":"browser_source","mixers":255,"monitoring_type":0,"muted":false,"name":"P2-B2-B","prev_ver":469762051,"private_settings":{},"push-to-mute":false,"push-to-mute-delay":0,"push-to-talk":false,"push-to-talk-delay":0,"settings":{"height":300,"url":"about:blank","width":300},"sync":0,"versioned_id":"browser_source","volume":1.0},{"balance":0.5,"deinterlace_field_order":0,"deinterlace_mode":0,"enabled":true,"filters":[{"balance":0.5,"deinterlace_field_order":0,"deinterlace_mode":0,"enabled":true,"flags":0,"hotkeys":{},"id":"color_filter","mixers":0,"monitoring_type":0,"muted":false,"name":"Corrections colorimétrique","prev_ver":469762051,"private_settings":{},"push-to-mute":false,"push-to-mute-delay":0,"push-to-talk":false,"push-to-talk-delay":0,"settings":{"opacity":0.5},"sync":0,"versioned_id":"color_filter_v2","volume":1.0},{"balance":0.5,"deinterlace_field_order":0,"deinterlace_mode":0,"enabled":true,"flags":0,"hotkeys":{},"id":"shader_filter","mixers":0,"monitoring_type":0,"muted":false,"name":"User-defined shader","prev_ver":469762051,"private_settings":{},"push-to-mute":false,"push-to-mute-delay":0,"push-to-talk":false,"push-to-talk-delay":0,"settings":{"border_thickness":6,"corner_radius":55,"from_file":true,"shader_file_name":"C:/Program Files/obs-studio/data/obs-plugins/obs-shaderfilter/examples/rounded_rect.shader"},"sync":0,"versioned_id":"shader_filter","volume":1.0}],"flags":0,"hotkeys":{"ObsBrowser.Refresh":[],"libobs.mute":[],"libobs.push-to-mute":[],"libobs.push-to-talk":[],"libobs.unmute":[]},"id":"browser_source","mixers":255,"monitoring_type":0,"muted":false,"name":"P1-B3-B","prev_ver":469762051,"private_settings":{},"push-to-mute":false,"push-to-mute-delay":0,"push-to-talk":false,"push-to-talk-delay":0,"settings":{"height":300,"url":"about:blank","width":300},"sync":0,"versioned_id":"browser_source","volume":1.0},{"balance":0.5,"deinterlace_field_order":0,"deinterlace_mode":0,"enabled":true,"filters":[{"balance":0.5,"deinterlace_field_order":0,"deinterlace_mode":0,"enabled":true,"flags":0,"hotkeys":{},"id":"color_filter","mixers":0,"monitoring_type":0,"muted":false,"name":"Corrections colorimétrique","prev_ver":469762051,"private_settings":{},"push-to-mute":false,"push-to-mute-delay":0,"push-to-talk":false,"push-to-talk-delay":0,"settings":{"opacity":0.5},"sync":0,"versioned_id":"color_filter_v2","volume":1.0},{"balance":0.5,"deinterlace_field_order":0,"deinterlace_mode":0,"enabled":true,"flags":0,"hotkeys":{},"id":"shader_filter","mixers":0,"monitoring_type":0,"muted":false,"name":"User-defined shader","prev_ver":469762051,"private_settings":{},"push-to-mute":false,"push-to-mute-delay":0,"push-to-talk":false,"push-to-talk-delay":0,"settings":{"border_thickness":6,"corner_radius":55,"from_file":true,"shader_file_name":"C:/Program Files/obs-studio/data/obs-plugins/obs-shaderfilter/examples/rounded_rect.shader"},"sync":0,"versioned_id":"shader_filter","volume":1.0}],"flags":0,"hotkeys":{"ObsBrowser.Refresh":[],"libobs.mute":[],"libobs.push-to-mute":[],"libobs.push-to-talk":[],"libobs.unmute":[]},"id":"browser_source","mixers":255,"monitoring_type":0,"muted":false,"name":"P2-B3-B","prev_ver":469762051,"private_settings":{},"push-to-mute":false,"push-to-mute-delay":0,"push-to-talk":false,"push-to-talk-delay":0,"settings":{"height":300,"url":"about:blank","width":300},"sync":0,"versioned_id":"browser_source","volume":1.0},{"balance":0.5,"deinterlace_field_order":0,"deinterlace_mode":0,"enabled":true,"filters":[{"balance":0.5,"deinterlace_field_order":0,"deinterlace_mode":0,"enabled":true,"flags":0,"hotkeys":{},"id":"color_filter","mixers":0,"monitoring_type":0,"muted":false,"name":"Corrections colorimétrique","prev_ver":469762051,"private_settings":{},"push-to-mute":false,"push-to-mute-delay":0,"push-to-talk":false,"push-to-talk-delay":0,"settings":{"opacity":0.5},"sync":0,"versioned_id":"color_filter_v2","volume":1.0},{"balance":0.5,"deinterlace_field_order":0,"deinterlace_mode":0,"enabled":true,"flags":0,"hotkeys":{},"id":"shader_filter","mixers":0,"monitoring_type":0,"muted":false,"name":"User-defined shader","prev_ver":469762051,"private_settings":{},"push-to-mute":false,"push-to-mute-delay":0,"push-to-talk":false,"push-to-talk-delay":0,"settings":{"border_thickness":6,"corner_radius":55,"from_file":true,"shader_file_name":"C:/Program Files/obs-studio/data/obs-plugins/obs-shaderfilter/examples/rounded_rect.shader"},"sync":0,"versioned_id":"shader_filter","volume":1.0}],"flags":0,"hotkeys":{"ObsBrowser.Refresh":[],"libobs.mute":[],"libobs.push-to-mute":[],"libobs.push-to-talk":[],"libobs.unmute":[]},"id":"browser_source","mixers":255,"monitoring_type":0,"muted":false,"name":"P1-C1-B","prev_ver":469762051,"private_settings":{},"push-to-mute":false,"push-to-mute-delay":0,"push-to-talk":false,"push-to-talk-delay":0,"settings":{"height":300,"url":"about:blank","width":300},"sync":0,"versioned_id":"browser_source","volume":1.0},{"balance":0.5,"deinterlace_field_order":0,"deinterlace_mode":0,"enabled":true,"filters":[{"balance":0.5,"deinterlace_field_order":0,"deinterlace_mode":0,"enabled":true,"flags":0,"hotkeys":{},"id":"color_filter","mixers":0,"monitoring_type":0,"muted":false,"name":"Corrections colorimétrique","prev_ver":469762051,"private_settings":{},"push-to-mute":false,"push-to-mute-delay":0,"push-to-talk":false,"push-to-talk-delay":0,"settings":{"opacity":0.5},"sync":0,"versioned_id":"color_filter_v2","volume":1.0},{"balance":0.5,"deinterlace_field_order":0,"deinterlace_mode":0,"enabled":true,"flags":0,"hotkeys":{},"id":"shader_filter","mixers":0,"monitoring_type":0,"muted":false,"name":"User-defined shader","prev_ver":469762051,"private_settings":{},"push-to-mute":false,"push-to-mute-delay":0,"push-to-talk":false,"push-to-talk-delay":0,"settings":{"border_thickness":6,"corner_radius":55,"from_file":true,"shader_file_name":"C:/Program Files/obs-studio/data/obs-plugins/obs-shaderfilter/examples/rounded_rect.shader"},"sync":0,"versioned_id":"shader_filter","volume":1.0}],"flags":0,"hotkeys":{"ObsBrowser.Refresh":[],"libobs.mute":[],"libobs.push-to-mute":[],"libobs.push-to-talk":[],"libobs.unmute":[]},"id":"browser_source","mixers":255,"monitoring_type":0,"muted":false,"name":"P2-C1-B","prev_ver":469762051,"private_settings":{},"push-to-mute":false,"push-to-mute-delay":0,"push-to-talk":false,"push-to-talk-delay":0,"settings":{"height":300,"url":"about:blank","width":300},"sync":0,"versioned_id":"browser_source","volume":1.0},{"balance":0.5,"deinterlace_field_order":0,"deinterlace_mode":0,"enabled":true,"filters":[{"balance":0.5,"deinterlace_field_order":0,"deinterlace_mode":0,"enabled":true,"flags":0,"hotkeys":{},"id":"color_filter","mixers":0,"monitoring_type":0,"muted":false,"name":"Corrections colorimétrique","prev_ver":469762051,"private_settings":{},"push-to-mute":false,"push-to-mute-delay":0,"push-to-talk":false,"push-to-talk-delay":0,"settings":{"opacity":0.5},"sync":0,"versioned_id":"color_filter_v2","volume":1.0},{"balance":0.5,"deinterlace_field_order":0,"deinterlace_mode":0,"enabled":true,"flags":0,"hotkeys":{},"id":"shader_filter","mixers":0,"monitoring_type":0,"muted":false,"name":"User-defined shader","prev_ver":469762051,"private_settings":{},"push-to-mute":false,"push-to-mute-delay":0,"push-to-talk":false,"push-to-talk-delay":0,"settings":{"border_thickness":6,"corner_radius":55,"from_file":true,"shader_file_name":"C:/Program Files/obs-studio/data/obs-plugins/obs-shaderfilter/examples/rounded_rect.shader"},"sync":0,"versioned_id":"shader_filter","volume":1.0}],"flags":0,"hotkeys":{"ObsBrowser.Refresh":[],"libobs.mute":[],"libobs.push-to-mute":[],"libobs.push-to-talk":[],"libobs.unmute":[]},"id":"browser_source","mixers":255,"monitoring_type":0,"muted":false,"name":"P1-C2-B","prev_ver":469762051,"private_settings":{},"push-to-mute":false,"push-to-mute-delay":0,"push-to-talk":false,"push-to-talk-delay":0,"settings":{"height":300,"url":"about:blank","width":300},"sync":0,"versioned_id":"browser_source","volume":1.0},{"balance":0.5,"deinterlace_field_order":0,"deinterlace_mode":0,"enabled":true,"filters":[{"balance":0.5,"deinterlace_field_order":0,"deinterlace_mode":0,"enabled":true,"flags":0,"hotkeys":{},"id":"color_filter","mixers":0,"monitoring_type":0,"muted":false,"name":"Corrections colorimétrique","prev_ver":469762051,"private_settings":{},"push-to-mute":false,"push-to-mute-delay":0,"push-to-talk":false,"push-to-talk-delay":0,"settings":{"opacity":0.5},"sync":0,"versioned_id":"color_filter_v2","volume":1.0},{"balance":0.5,"deinterlace_field_order":0,"deinterlace_mode":0,"enabled":true,"flags":0,"hotkeys":{},"id":"shader_filter","mixers":0,"monitoring_type":0,"muted":false,"name":"User-defined shader","prev_ver":469762051,"private_settings":{},"push-to-mute":false,"push-to-mute-delay":0,"push-to-talk":false,"push-to-talk-delay":0,"settings":{"border_thickness":6,"corner_radius":55,"from_file":true,"shader_file_name":"C:/Program Files/obs-studio/data/obs-plugins/obs-shaderfilter/examples/rounded_rect.shader"},"sync":0,"versioned_id":"shader_filter","volume":1.0}],"flags":0,"hotkeys":{"ObsBrowser.Refresh":[],"libobs.mute":[],"libobs.push-to-mute":[],"libobs.push-to-talk":[],"libobs.unmute":[]},"id":"browser_source","mixers":255,"monitoring_type":0,"muted":false,"name":"P2-C2-B","prev_ver":469762051,"private_settings":{},"push-to-mute":false,"push-to-mute-delay":0,"push-to-talk":false,"push-to-talk-delay":0,"settings":{"height":300,"url":"about:blank","width":300},"sync":0,"versioned_id":"browser_source","volume":1.0},{"balance":0.5,"deinterlace_field_order":0,"deinterlace_mode":0,"enabled":true,"filters":[{"balance":0.5,"deinterlace_field_order":0,"deinterlace_mode":0,"enabled":true,"flags":0,"hotkeys":{},"id":"color_filter","mixers":0,"monitoring_type":0,"muted":false,"name":"Corrections colorimétrique","prev_ver":469762051,"private_settings":{},"push-to-mute":false,"push-to-mute-delay":0,"push-to-talk":false,"push-to-talk-delay":0,"settings":{"opacity":0.5},"sync":0,"versioned_id":"color_filter_v2","volume":1.0},{"balance":0.5,"deinterlace_field_order":0,"deinterlace_mode":0,"enabled":true,"flags":0,"hotkeys":{},"id":"shader_filter","mixers":0,"monitoring_type":0,"muted":false,"name":"User-defined shader","prev_ver":469762051,"private_settings":{},"push-to-mute":false,"push-to-mute-delay":0,"push-to-talk":false,"push-to-talk-delay":0,"settings":{"border_thickness":6,"corner_radius":55,"from_file":true,"shader_file_name":"C:/Program Files/obs-studio/data/obs-plugins/obs-shaderfilter/examples/rounded_rect.shader"},"sync":0,"versioned_id":"shader_filter","volume":1.0}],"flags":0,"hotkeys":{"ObsBrowser.Refresh":[],"libobs.mute":[],"libobs.push-to-mute":[],"libobs.push-to-talk":[],"libobs.unmute":[]},"id":"browser_source","mixers":255,"monitoring_type":0,"muted":false,"name":"P1-C3-B","prev_ver":469762051,"private_settings":{},"push-to-mute":false,"push-to-mute-delay":0,"push-to-talk":false,"push-to-talk-delay":0,"settings":{"height":300,"url":"about:blank","width":300},"sync":0,"versioned_id":"browser_source","volume":1.0},{"balance":0.5,"deinterlace_field_order":0,"deinterlace_mode":0,"enabled":true,"filters":[{"balance":0.5,"deinterlace_field_order":0,"deinterlace_mode":0,"enabled":true,"flags":0,"hotkeys":{},"id":"color_filter","mixers":0,"monitoring_type":0,"muted":false,"name":"Corrections colorimétrique","prev_ver":469762051,"private_settings":{},"push-to-mute":false,"push-to-mute-delay":0,"push-to-talk":false,"push-to-talk-delay":0,"settings":{"opacity":0.5},"sync":0,"versioned_id":"color_filter_v2","volume":1.0},{"balance":0.5,"deinterlace_field_order":0,"deinterlace_mode":0,"enabled":true,"flags":0,"hotkeys":{},"id":"shader_filter","mixers":0,"monitoring_type":0,"muted":false,"name":"User-defined shader","prev_ver":469762051,"private_settings":{},"push-to-mute":false,"push-to-mute-delay":0,"push-to-talk":false,"push-to-talk-delay":0,"settings":{"border_thickness":6,"corner_radius":55,"from_file":true,"shader_file_name":"C:/Program Files/obs-studio/data/obs-plugins/obs-shaderfilter/examples/rounded_rect.shader"},"sync":0,"versioned_id":"shader_filter","volume":1.0}],"flags":0,"hotkeys":{"ObsBrowser.Refresh":[],"libobs.mute":[],"libobs.push-to-mute":[],"libobs.push-to-talk":[],"libobs.unmute":[]},"id":"browser_source","mixers":255,"monitoring_type":0,"muted":false,"name":"P2-C3-B","prev_ver":469762051,"private_settings":{},"push-to-mute":false,"push-to-mute-delay":0,"push-to-talk":false,"push-to-talk-delay":0,"settings":{"height":300,"url":"about:blank","width":300},"sync":0,"versioned_id":"browser_source","volume":1.0},{"balance":0.5,"deinterlace_field_order":0,"deinterlace_mode":0,"enabled":true,"flags":0,"hotkeys":{},"id":"text_gdiplus","mixers":0,"monitoring_type":0,"muted":false,"name":"TXT A","prev_ver":469762051,"private_settings":{},"push-to-mute":false,"push-to-mute-delay":0,"push-to-talk":false,"push-to-talk-delay":0,"settings":{"font":{"face":"Arial Black","flags":1,"size":72,"style":"Normal"},"text":"A"},"sync":0,"versioned_id":"text_gdiplus_v2","volume":1.0},{"balance":0.5,"deinterlace_field_order":0,"deinterlace_mode":0,"enabled":true,"flags":0,"hotkeys":{},"id":"text_gdiplus","mixers":0,"monitoring_type":0,"muted":false,"name":"TXT B","prev_ver":469762051,"private_settings":{},"push-to-mute":false,"push-to-mute-delay":0,"push-to-talk":false,"push-to-talk-delay":0,"settings":{"font":{"face":"Arial Black","flags":1,"size":72,"style":"Normal"},"text":"B"},"sync":0,"versioned_id":"text_gdiplus_v2","volume":1.0},{"balance":0.5,"deinterlace_field_order":0,"deinterlace_mode":0,"enabled":true,"flags":0,"hotkeys":{},"id":"text_gdiplus","mixers":0,"monitoring_type":0,"muted":false,"name":"TXT C","prev_ver":469762051,"private_settings":{},"push-to-mute":false,"push-to-mute-delay":0,"push-to-talk":false,"push-to-talk-delay":0,"settings":{"font":{"face":"Arial Black","flags":1,"size":72,"style":"Normal"},"text":"C"},"sync":0,"versioned_id":"text_gdiplus_v2","volume":1.0},{"balance":0.5,"deinterlace_field_order":0,"deinterlace_mode":0,"enabled":true,"flags":0,"hotkeys":{},"id":"text_gdiplus","mixers":0,"monitoring_type":0,"muted":false,"name":"TXT 1","prev_ver":469762051,"private_settings":{},"push-to-mute":false,"push-to-mute-delay":0,"push-to-talk":false,"push-to-talk-delay":0,"settings":{"font":{"face":"Arial Black","flags":1,"size":72,"style":"Normal"},"text":"1"},"sync":0,"versioned_id":"text_gdiplus_v2","volume":1.0},{"balance":0.5,"deinterlace_field_order":0,"deinterlace_mode":0,"enabled":true,"flags":0,"hotkeys":{},"id":"text_gdiplus","mixers":0,"monitoring_type":0,"muted":false,"name":"TXT 2","prev_ver":469762051,"private_settings":{},"push-to-mute":false,"push-to-mute-delay":0,"push-to-talk":false,"push-to-talk-delay":0,"settings":{"font":{"face":"Arial Black","flags":1,"size":72,"style":"Normal"},"text":"2"},"sync":0,"versioned_id":"text_gdiplus_v2","volume":1.0},{"balance":0.5,"deinterlace_field_order":0,"deinterlace_mode":0,"enabled":true,"flags":0,"hotkeys":{},"id":"text_gdiplus","mixers":0,"monitoring_type":0,"muted":false,"name":"TXT 3","prev_ver":469762051,"private_settings":{},"push-to-mute":false,"push-to-mute-delay":0,"push-to-talk":false,"push-to-talk-delay":0,"settings":{"font":{"face":"Arial Black","flags":1,"size":72,"style":"Normal"},"text":"3"},"sync":0,"versioned_id":"text_gdiplus_v2","volume":1.0},{"balance":0.5,"deinterlace_field_order":0,"deinterlace_mode":0,"enabled":true,"flags":0,"hotkeys":{},"id":"image_source","mixers":0,"monitoring_type":0,"muted":false,"name":"cross","prev_ver":469762051,"private_settings":{},"push-to-mute":false,"push-to-mute-delay":0,"push-to-talk":false,"push-to-talk-delay":0,"settings":{"file":"C:/Users/holdu/Desktop/Streamer.bot Extensions/Tic Tac Toe mini Game - LeBluxTV/cross.png"},"sync":0,"versioned_id":"image_source","volume":1.0},{"balance":0.5,"deinterlace_field_order":0,"deinterlace_mode":0,"enabled":true,"flags":0,"hotkeys":{},"id":"image_source","mixers":0,"monitoring_type":0,"muted":false,"name":"circle","prev_ver":469762051,"private_settings":{},"push-to-mute":false,"push-to-mute-delay":0,"push-to-talk":false,"push-to-talk-delay":0,"settings":{"file":"C:/Users/holdu/Desktop/Streamer.bot Extensions/Tic Tac Toe mini Game - LeBluxTV/circle.png","undo_sname":"circle"},"sync":0,"versioned_id":"image_source","volume":1.0},{"balance":0.5,"deinterlace_field_order":0,"deinterlace_mode":0,"enabled":true,"filters":[{"balance":0.5,"deinterlace_field_order":0,"deinterlace_mode":0,"enabled":true,"flags":0,"hotkeys":{},"id":"color_filter","mixers":0,"monitoring_type":0,"muted":false,"name":"Color Correction","prev_ver":469762051,"private_settings":{},"push-to-mute":false,"push-to-mute-delay":0,"push-to-talk":false,"push-to-talk-delay":0,"settings":{"opacity":0.69999999999999996},"sync":0,"versioned_id":"color_filter_v2","volume":1.0}],"flags":0,"hotkeys":{},"id":"image_source","mixers":0,"monitoring_type":0,"muted":false,"name":"P1-C3","prev_ver":469762051,"private_settings":{},"push-to-mute":false,"push-to-mute-delay":0,"push-to-talk":false,"push-to-talk-delay":0,"settings":{"file":"C:/Users/holdu/Desktop/Streamer.bot Extensions/Tic Tac Toe mini Game - LeBluxTV/circle.png"},"sync":0,"versioned_id":"image_source","volume":1.0},{"balance":0.5,"deinterlace_field_order":0,"deinterlace_mode":0,"enabled":true,"filters":[{"balance":0.5,"deinterlace_field_order":0,"deinterlace_mode":0,"enabled":true,"flags":0,"hotkeys":{},"id":"color_filter","mixers":0,"monitoring_type":0,"muted":false,"name":"Color Correction","prev_ver":469762051,"private_settings":{},"push-to-mute":false,"push-to-mute-delay":0,"push-to-talk":false,"push-to-talk-delay":0,"settings":{"opacity":0.69999999999999996},"sync":0,"versioned_id":"color_filter_v2","volume":1.0}],"flags":0,"hotkeys":{},"id":"image_source","mixers":0,"monitoring_type":0,"muted":false,"name":"P1-C2","prev_ver":469762051,"private_settings":{},"push-to-mute":false,"push-to-mute-delay":0,"push-to-talk":false,"push-to-talk-delay":0,"settings":{"file":"C:/Users/holdu/Desktop/Streamer.bot Extensions/Tic Tac Toe mini Game - LeBluxTV/circle.png"},"sync":0,"versioned_id":"image_source","volume":1.0},{"balance":0.5,"deinterlace_field_order":0,"deinterlace_mode":0,"enabled":true,"filters":[{"balance":0.5,"deinterlace_field_order":0,"deinterlace_mode":0,"enabled":true,"flags":0,"hotkeys":{},"id":"color_filter","mixers":0,"monitoring_type":0,"muted":false,"name":"Color Correction","prev_ver":469762051,"private_settings":{},"push-to-mute":false,"push-to-mute-delay":0,"push-to-talk":false,"push-to-talk-delay":0,"settings":{"opacity":0.69999999999999996},"sync":0,"versioned_id":"color_filter_v2","volume":1.0}],"flags":0,"hotkeys":{},"id":"image_source","mixers":0,"monitoring_type":0,"muted":false,"name":"P1-C1","prev_ver":469762051,"private_settings":{},"push-to-mute":false,"push-to-mute-delay":0,"push-to-talk":false,"push-to-talk-delay":0,"settings":{"file":"C:/Users/holdu/Desktop/Streamer.bot Extensions/Tic Tac Toe mini Game - LeBluxTV/circle.png"},"sync":0,"versioned_id":"image_source","volume":1.0},{"balance":0.5,"deinterlace_field_order":0,"deinterlace_mode":0,"enabled":true,"filters":[{"balance":0.5,"deinterlace_field_order":0,"deinterlace_mode":0,"enabled":true,"flags":0,"hotkeys":{},"id":"color_filter","mixers":0,"monitoring_type":0,"muted":false,"name":"Color Correction 2","prev_ver":469762051,"private_settings":{},"push-to-mute":false,"push-to-mute-delay":0,"push-to-talk":false,"push-to-talk-delay":0,"settings":{"opacity":0.69999999999999996},"sync":0,"versioned_id":"color_filter_v2","volume":1.0}],"flags":0,"hotkeys":{},"id":"image_source","mixers":0,"monitoring_type":0,"muted":false,"name":"P1-B1","prev_ver":469762051,"private_settings":{},"push-to-mute":false,"push-to-mute-delay":0,"push-to-talk":false,"push-to-talk-delay":0,"settings":{"file":"C:/Users/holdu/Desktop/Streamer.bot Extensions/Tic Tac Toe mini Game - LeBluxTV/circle.png"},"sync":0,"versioned_id":"image_source","volume":1.0},{"balance":0.5,"deinterlace_field_order":0,"deinterlace_mode":0,"enabled":true,"filters":[{"balance":0.5,"deinterlace_field_order":0,"deinterlace_mode":0,"enabled":true,"flags":0,"hotkeys":{},"id":"color_filter","mixers":0,"monitoring_type":0,"muted":false,"name":"Color Correction","prev_ver":469762051,"private_settings":{},"push-to-mute":false,"push-to-mute-delay":0,"push-to-talk":false,"push-to-talk-delay":0,"settings":{"opacity":0.69999999999999996},"sync":0,"versioned_id":"color_filter_v2","volume":1.0}],"flags":0,"hotkeys":{},"id":"image_source","mixers":0,"monitoring_type":0,"muted":false,"name":"P1-A1","prev_ver":469762051,"private_settings":{},"push-to-mute":false,"push-to-mute-delay":0,"push-to-talk":false,"push-to-talk-delay":0,"settings":{"file":"C:/Users/holdu/Desktop/Streamer.bot Extensions/Tic Tac Toe mini Game - LeBluxTV/circle.png"},"sync":0,"versioned_id":"image_source","volume":1.0},{"balance":0.5,"deinterlace_field_order":0,"deinterlace_mode":0,"enabled":true,"filters":[{"balance":0.5,"deinterlace_field_order":0,"deinterlace_mode":0,"enabled":true,"flags":0,"hotkeys":{},"id":"color_filter","mixers":0,"monitoring_type":0,"muted":false,"name":"Color Correction","prev_ver":469762051,"private_settings":{},"push-to-mute":false,"push-to-mute-delay":0,"push-to-talk":false,"push-to-talk-delay":0,"settings":{"opacity":0.69999999999999996},"sync":0,"versioned_id":"color_filter_v2","volume":1.0}],"flags":0,"hotkeys":{},"id":"image_source","mixers":0,"monitoring_type":0,"muted":false,"name":"P1-B2","prev_ver":469762051,"private_settings":{},"push-to-mute":false,"push-to-mute-delay":0,"push-to-talk":false,"push-to-talk-delay":0,"settings":{"file":"C:/Users/holdu/Desktop/Streamer.bot Extensions/Tic Tac Toe mini Game - LeBluxTV/circle.png"},"sync":0,"versioned_id":"image_source","volume":1.0},{"balance":0.5,"deinterlace_field_order":0,"deinterlace_mode":0,"enabled":true,"filters":[{"balance":0.5,"deinterlace_field_order":0,"deinterlace_mode":0,"enabled":true,"flags":0,"hotkeys":{},"id":"color_filter","mixers":0,"monitoring_type":0,"muted":false,"name":"Color Correction","prev_ver":469762051,"private_settings":{},"push-to-mute":false,"push-to-mute-delay":0,"push-to-talk":false,"push-to-talk-delay":0,"settings":{"opacity":0.69999999999999996},"sync":0,"versioned_id":"color_filter_v2","volume":1.0}],"flags":0,"hotkeys":{},"id":"image_source","mixers":0,"monitoring_type":0,"muted":false,"name":"P1-B3","prev_ver":469762051,"private_settings":{},"push-to-mute":false,"push-to-mute-delay":0,"push-to-talk":false,"push-to-talk-delay":0,"settings":{"file":"C:/Users/holdu/Desktop/Streamer.bot Extensions/Tic Tac Toe mini Game - LeBluxTV/circle.png"},"sync":0,"versioned_id":"image_source","volume":1.0},{"balance":0.5,"deinterlace_field_order":0,"deinterlace_mode":0,"enabled":true,"filters":[{"balance":0.5,"deinterlace_field_order":0,"deinterlace_mode":0,"enabled":true,"flags":0,"hotkeys":{},"id":"color_filter","mixers":0,"monitoring_type":0,"muted":false,"name":"Color Correction","prev_ver":469762051,"private_settings":{},"push-to-mute":false,"push-to-mute-delay":0,"push-to-talk":false,"push-to-talk-delay":0,"settings":{"opacity":0.69999999999999996},"sync":0,"versioned_id":"color_filter_v2","volume":1.0}],"flags":0,"hotkeys":{},"id":"image_source","mixers":0,"monitoring_type":0,"muted":false,"name":"P1-A2","prev_ver":469762051,"private_settings":{},"push-to-mute":false,"push-to-mute-delay":0,"push-to-talk":false,"push-to-talk-delay":0,"settings":{"file":"C:/Users/holdu/Desktop/Streamer.bot Extensions/Tic Tac Toe mini Game - LeBluxTV/circle.png"},"sync":0,"versioned_id":"image_source","volume":1.0},{"balance":0.5,"deinterlace_field_order":0,"deinterlace_mode":0,"enabled":true,"filters":[{"balance":0.5,"deinterlace_field_order":0,"deinterlace_mode":0,"enabled":true,"flags":0,"hotkeys":{},"id":"color_filter","mixers":0,"monitoring_type":0,"muted":false,"name":"Color Correction","prev_ver":469762051,"private_settings":{},"push-to-mute":false,"push-to-mute-delay":0,"push-to-talk":false,"push-to-talk-delay":0,"settings":{"opacity":0.69999999999999996},"sync":0,"versioned_id":"color_filter_v2","volume":1.0}],"flags":0,"hotkeys":{},"id":"image_source","mixers":0,"monitoring_type":0,"muted":false,"name":"P1-A3","prev_ver":469762051,"private_settings":{},"push-to-mute":false,"push-to-mute-delay":0,"push-to-talk":false,"push-to-talk-delay":0,"settings":{"file":"C:/Users/holdu/Desktop/Streamer.bot Extensions/Tic Tac Toe mini Game - LeBluxTV/circle.png"},"sync":0,"versioned_id":"image_source","volume":1.0},{"balance":0.5,"deinterlace_field_order":0,"deinterlace_mode":0,"enabled":true,"filters":[{"balance":0.5,"deinterlace_field_order":0,"deinterlace_mode":0,"enabled":true,"flags":0,"hotkeys":{},"id":"shader_filter","mixers":0,"monitoring_type":0,"muted":false,"name":"User-defined shader","prev_ver":469762051,"private_settings":{},"push-to-mute":false,"push-to-mute-delay":0,"push-to-talk":false,"push-to-talk-delay":0,"settings":{"corner_radius":45,"from_file":true,"shader_file_name":"C:/Program Files/obs-studio/data/obs-plugins/obs-shaderfilter/examples/rounded_rect.shader"},"sync":0,"versioned_id":"shader_filter","volume":1.0},{"balance":0.5,"deinterlace_field_order":0,"deinterlace_mode":0,"enabled":true,"flags":0,"hotkeys":{},"id":"color_filter","mixers":0,"monitoring_type":0,"muted":false,"name":"Color Correction","prev_ver":469762051,"private_settings":{},"push-to-mute":false,"push-to-mute-delay":0,"push-to-talk":false,"push-to-talk-delay":0,"settings":{"opacity":0.69999999999999996},"sync":0,"versioned_id":"color_filter_v2","volume":1.0}],"flags":0,"hotkeys":{},"id":"image_source","mixers":0,"monitoring_type":0,"muted":false,"name":"P2-C3","prev_ver":469762051,"private_settings":{},"push-to-mute":false,"push-to-mute-delay":0,"push-to-talk":false,"push-to-talk-delay":0,"settings":{"file":"C:/Users/holdu/Desktop/Streamer.bot Extensions/Tic Tac Toe mini Game - LeBluxTV/cross.png"},"sync":0,"versioned_id":"image_source","volume":1.0},{"balance":0.5,"deinterlace_field_order":0,"deinterlace_mode":0,"enabled":true,"filters":[{"balance":0.5,"deinterlace_field_order":0,"deinterlace_mode":0,"enabled":true,"flags":0,"hotkeys":{},"id":"shader_filter","mixers":0,"monitoring_type":0,"muted":false,"name":"User-defined shader","prev_ver":469762051,"private_settings":{},"push-to-mute":false,"push-to-mute-delay":0,"push-to-talk":false,"push-to-talk-delay":0,"settings":{"corner_radius":45,"from_file":true,"shader_file_name":"C:/Program Files/obs-studio/data/obs-plugins/obs-shaderfilter/examples/rounded_rect.shader"},"sync":0,"versioned_id":"shader_filter","volume":1.0},{"balance":0.5,"deinterlace_field_order":0,"deinterlace_mode":0,"enabled":true,"flags":0,"hotkeys":{},"id":"color_filter","mixers":0,"monitoring_type":0,"muted":false,"name":"Color Correction","prev_ver":469762051,"private_settings":{},"push-to-mute":false,"push-to-mute-delay":0,"push-to-talk":false,"push-to-talk-delay":0,"settings":{"opacity":0.69999999999999996},"sync":0,"versioned_id":"color_filter_v2","volume":1.0}],"flags":0,"hotkeys":{},"id":"image_source","mixers":0,"monitoring_type":0,"muted":false,"name":"P2-C2","prev_ver":469762051,"private_settings":{},"push-to-mute":false,"push-to-mute-delay":0,"push-to-talk":false,"push-to-talk-delay":0,"settings":{"file":"C:/Users/holdu/Desktop/Streamer.bot Extensions/Tic Tac Toe mini Game - LeBluxTV/cross.png"},"sync":0,"versioned_id":"image_source","volume":1.0},{"balance":0.5,"deinterlace_field_order":0,"deinterlace_mode":0,"enabled":true,"filters":[{"balance":0.5,"deinterlace_field_order":0,"deinterlace_mode":0,"enabled":true,"flags":0,"hotkeys":{},"id":"shader_filter","mixers":0,"monitoring_type":0,"muted":false,"name":"User-defined shader","prev_ver":469762051,"private_settings":{},"push-to-mute":false,"push-to-mute-delay":0,"push-to-talk":false,"push-to-talk-delay":0,"settings":{"corner_radius":45,"from_file":true,"shader_file_name":"C:/Program Files/obs-studio/data/obs-plugins/obs-shaderfilter/examples/rounded_rect.shader"},"sync":0,"versioned_id":"shader_filter","volume":1.0},{"balance":0.5,"deinterlace_field_order":0,"deinterlace_mode":0,"enabled":true,"flags":0,"hotkeys":{},"id":"color_filter","mixers":0,"monitoring_type":0,"muted":false,"name":"Color Correction","prev_ver":469762051,"private_settings":{},"push-to-mute":false,"push-to-mute-delay":0,"push-to-talk":false,"push-to-talk-delay":0,"settings":{"opacity":0.69999999999999996},"sync":0,"versioned_id":"color_filter_v2","volume":1.0}],"flags":0,"hotkeys":{},"id":"image_source","mixers":0,"monitoring_type":0,"muted":false,"name":"P2-C1","prev_ver":469762051,"private_settings":{},"push-to-mute":false,"push-to-mute-delay":0,"push-to-talk":false,"push-to-talk-delay":0,"settings":{"file":"C:/Users/holdu/Desktop/Streamer.bot Extensions/Tic Tac Toe mini Game - LeBluxTV/cross.png"},"sync":0,"versioned_id":"image_source","volume":1.0},{"balance":0.5,"deinterlace_field_order":0,"deinterlace_mode":0,"enabled":true,"filters":[{"balance":0.5,"deinterlace_field_order":0,"deinterlace_mode":0,"enabled":true,"flags":0,"hotkeys":{},"id":"shader_filter","mixers":0,"monitoring_type":0,"muted":false,"name":"User-defined shader","prev_ver":469762051,"private_settings":{},"push-to-mute":false,"push-to-mute-delay":0,"push-to-talk":false,"push-to-talk-delay":0,"settings":{"corner_radius":45,"from_file":true,"shader_file_name":"C:/Program Files/obs-studio/data/obs-plugins/obs-shaderfilter/examples/rounded_rect.shader"},"sync":0,"versioned_id":"shader_filter","volume":1.0},{"balance":0.5,"deinterlace_field_order":0,"deinterlace_mode":0,"enabled":true,"flags":0,"hotkeys":{},"id":"color_filter","mixers":0,"monitoring_type":0,"muted":false,"name":"Color Correction","prev_ver":469762051,"private_settings":{},"push-to-mute":false,"push-to-mute-delay":0,"push-to-talk":false,"push-to-talk-delay":0,"settings":{"opacity":0.69999999999999996},"sync":0,"versioned_id":"color_filter_v2","volume":1.0}],"flags":0,"hotkeys":{},"id":"image_source","mixers":0,"monitoring_type":0,"muted":false,"name":"P2-B1","prev_ver":469762051,"private_settings":{},"push-to-mute":false,"push-to-mute-delay":0,"push-to-talk":false,"push-to-talk-delay":0,"settings":{"file":"C:/Users/holdu/Desktop/Streamer.bot Extensions/Tic Tac Toe mini Game - LeBluxTV/cross.png"},"sync":0,"versioned_id":"image_source","volume":1.0},{"balance":0.5,"deinterlace_field_order":0,"deinterlace_mode":0,"enabled":true,"filters":[{"balance":0.5,"deinterlace_field_order":0,"deinterlace_mode":0,"enabled":true,"flags":0,"hotkeys":{},"id":"shader_filter","mixers":0,"monitoring_type":0,"muted":false,"name":"User-defined shader","prev_ver":469762051,"private_settings":{},"push-to-mute":false,"push-to-mute-delay":0,"push-to-talk":false,"push-to-talk-delay":0,"settings":{"corner_radius":45,"from_file":true,"shader_file_name":"C:/Program Files/obs-studio/data/obs-plugins/obs-shaderfilter/examples/rounded_rect.shader"},"sync":0,"versioned_id":"shader_filter","volume":1.0},{"balance":0.5,"deinterlace_field_order":0,"deinterlace_mode":0,"enabled":true,"flags":0,"hotkeys":{},"id":"color_filter","mixers":0,"monitoring_type":0,"muted":false,"name":"Color Correction","prev_ver":469762051,"private_settings":{},"push-to-mute":false,"push-to-mute-delay":0,"push-to-talk":false,"push-to-talk-delay":0,"settings":{"opacity":0.69999999999999996},"sync":0,"versioned_id":"color_filter_v2","volume":1.0}],"flags":0,"hotkeys":{},"id":"image_source","mixers":0,"monitoring_type":0,"muted":false,"name":"P2-B2","prev_ver":469762051,"private_settings":{},"push-to-mute":false,"push-to-mute-delay":0,"push-to-talk":false,"push-to-talk-delay":0,"settings":{"file":"C:/Users/holdu/Desktop/Streamer.bot Extensions/Tic Tac Toe mini Game - LeBluxTV/cross.png"},"sync":0,"versioned_id":"image_source","volume":1.0},{"balance":0.5,"deinterlace_field_order":0,"deinterlace_mode":0,"enabled":true,"filters":[{"balance":0.5,"deinterlace_field_order":0,"deinterlace_mode":0,"enabled":true,"flags":0,"hotkeys":{},"id":"shader_filter","mixers":0,"monitoring_type":0,"muted":false,"name":"User-defined shader","prev_ver":469762051,"private_settings":{},"push-to-mute":false,"push-to-mute-delay":0,"push-to-talk":false,"push-to-talk-delay":0,"settings":{"corner_radius":45,"from_file":true,"shader_file_name":"C:/Program Files/obs-studio/data/obs-plugins/obs-shaderfilter/examples/rounded_rect.shader"},"sync":0,"versioned_id":"shader_filter","volume":1.0},{"balance":0.5,"deinterlace_field_order":0,"deinterlace_mode":0,"enabled":true,"flags":0,"hotkeys":{},"id":"color_filter","mixers":0,"monitoring_type":0,"muted":false,"name":"Color Correction","prev_ver":469762051,"private_settings":{},"push-to-mute":false,"push-to-mute-delay":0,"push-to-talk":false,"push-to-talk-delay":0,"settings":{"opacity":0.69999999999999996},"sync":0,"versioned_id":"color_filter_v2","volume":1.0}],"flags":0,"hotkeys":{},"id":"image_source","mixers":0,"monitoring_type":0,"muted":false,"name":"P2-B3","prev_ver":469762051,"private_settings":{},"push-to-mute":false,"push-to-mute-delay":0,"push-to-talk":false,"push-to-talk-delay":0,"settings":{"file":"C:/Users/holdu/Desktop/Streamer.bot Extensions/Tic Tac Toe mini Game - LeBluxTV/cross.png"},"sync":0,"versioned_id":"image_source","volume":1.0},{"balance":0.5,"deinterlace_field_order":0,"deinterlace_mode":0,"enabled":true,"filters":[{"balance":0.5,"deinterlace_field_order":0,"deinterlace_mode":0,"enabled":true,"flags":0,"hotkeys":{},"id":"shader_filter","mixers":0,"monitoring_type":0,"muted":false,"name":"User-defined shader","prev_ver":469762051,"private_settings":{},"push-to-mute":false,"push-to-mute-delay":0,"push-to-talk":false,"push-to-talk-delay":0,"settings":{"corner_radius":45,"from_file":true,"shader_file_name":"C:/Program Files/obs-studio/data/obs-plugins/obs-shaderfilter/examples/rounded_rect.shader"},"sync":0,"versioned_id":"shader_filter","volume":1.0},{"balance":0.5,"deinterlace_field_order":0,"deinterlace_mode":0,"enabled":true,"flags":0,"hotkeys":{},"id":"color_filter","mixers":0,"monitoring_type":0,"muted":false,"name":"Color Correction","prev_ver":469762051,"private_settings":{},"push-to-mute":false,"push-to-mute-delay":0,"push-to-talk":false,"push-to-talk-delay":0,"settings":{"opacity":0.69999999999999996},"sync":0,"versioned_id":"color_filter_v2","volume":1.0}],"flags":0,"hotkeys":{},"id":"image_source","mixers":0,"monitoring_type":0,"muted":false,"name":"P2-A3","prev_ver":469762051,"private_settings":{},"push-to-mute":false,"push-to-mute-delay":0,"push-to-talk":false,"push-to-talk-delay":0,"settings":{"file":"C:/Users/holdu/Desktop/Streamer.bot Extensions/Tic Tac Toe mini Game - LeBluxTV/cross.png"},"sync":0,"versioned_id":"image_source","volume":1.0},{"balance":0.5,"deinterlace_field_order":0,"deinterlace_mode":0,"enabled":true,"filters":[{"balance":0.5,"deinterlace_field_order":0,"deinterlace_mode":0,"enabled":true,"flags":0,"hotkeys":{},"id":"shader_filter","mixers":0,"monitoring_type":0,"muted":false,"name":"User-defined shader","prev_ver":469762051,"private_settings":{},"push-to-mute":false,"push-to-mute-delay":0,"push-to-talk":false,"push-to-talk-delay":0,"settings":{"corner_radius":45,"from_file":true,"shader_file_name":"C:/Program Files/obs-studio/data/obs-plugins/obs-shaderfilter/examples/rounded_rect.shader"},"sync":0,"versioned_id":"shader_filter","volume":1.0},{"balance":0.5,"deinterlace_field_order":0,"deinterlace_mode":0,"enabled":true,"flags":0,"hotkeys":{},"id":"color_filter","mixers":0,"monitoring_type":0,"muted":false,"name":"Color Correction","prev_ver":469762051,"private_settings":{},"push-to-mute":false,"push-to-mute-delay":0,"push-to-talk":false,"push-to-talk-delay":0,"settings":{"opacity":0.69999999999999996},"sync":0,"versioned_id":"color_filter_v2","volume":1.0}],"flags":0,"hotkeys":{},"id":"image_source","mixers":0,"monitoring_type":0,"muted":false,"name":"P2-A2","prev_ver":469762051,"private_settings":{},"push-to-mute":false,"push-to-mute-delay":0,"push-to-talk":false,"push-to-talk-delay":0,"settings":{"file":"C:/Users/holdu/Desktop/Streamer.bot Extensions/Tic Tac Toe mini Game - LeBluxTV/cross.png"},"sync":0,"versioned_id":"image_source","volume":1.0},{"balance":0.5,"deinterlace_field_order":0,"deinterlace_mode":0,"enabled":true,"filters":[{"balance":0.5,"deinterlace_field_order":0,"deinterlace_mode":0,"enabled":true,"flags":0,"hotkeys":{},"id":"shader_filter","mixers":0,"monitoring_type":0,"muted":false,"name":"User-defined shader","prev_ver":469762051,"private_settings":{},"push-to-mute":false,"push-to-mute-delay":0,"push-to-talk":false,"push-to-talk-delay":0,"settings":{"corner_radius":45,"from_file":true,"shader_file_name":"C:/Program Files/obs-studio/data/obs-plugins/obs-shaderfilter/examples/rounded_rect.shader"},"sync":0,"versioned_id":"shader_filter","volume":1.0},{"balance":0.5,"deinterlace_field_order":0,"deinterlace_mode":0,"enabled":true,"flags":0,"hotkeys":{},"id":"color_filter","mixers":0,"monitoring_type":0,"muted":false,"name":"Color Correction","prev_ver":469762051,"private_settings":{},"push-to-mute":false,"push-to-mute-delay":0,"push-to-talk":false,"push-to-talk-delay":0,"settings":{"brightness":0.0,"color_add":0,"color_multiply":16777215,"contrast":0.0,"gamma":0.0,"hue_shift":0.0,"opacity":1.0,"saturation":0.0},"sync":0,"versioned_id":"color_filter_v2","volume":1.0}],"flags":0,"hotkeys":{},"id":"image_source","mixers":0,"monitoring_type":0,"muted":false,"name":"P2-A1","prev_ver":469762051,"private_settings":{},"push-to-mute":false,"push-to-mute-delay":0,"push-to-talk":false,"push-to-talk-delay":0,"settings":{"file":"C:/Users/holdu/Desktop/Streamer.bot Extensions/Tic Tac Toe mini Game - LeBluxTV/cross.png"},"sync":0,"versioned_id":"image_source","volume":1.0},{"balance":0.5,"deinterlace_field_order":0,"deinterlace_mode":0,"enabled":true,"filters":[{"balance":0.5,"deinterlace_field_order":0,"deinterlace_mode":0,"enabled":true,"flags":0,"hotkeys":{},"id":"color_filter","mixers":0,"monitoring_type":0,"muted":false,"name":"Corrections colorimétrique","prev_ver":469762051,"private_settings":{},"push-to-mute":false,"push-to-mute-delay":0,"push-to-talk":false,"push-to-talk-delay":0,"settings":{"hue_shift":20.469999999999999,"saturation":3.7799999999999998},"sync":0,"versioned_id":"color_filter_v2","volume":1.0}],"flags":0,"hotkeys":{"ObsBrowser.Refresh":[],"libobs.mute":[],"libobs.push-to-mute":[],"libobs.push-to-talk":[],"libobs.unmute":[]},"id":"browser_source","mixers":255,"monitoring_type":0,"muted":false,"name":"cadre morpion","prev_ver":469762051,"private_settings":{},"push-to-mute":false,"push-to-mute-delay":0,"push-to-talk":false,"push-to-talk-delay":0,"settings":{"height":1080,"url":"https://theowoo.github.io/agbg/?shape=rectangle&width=933&height=933&borderWidth=10&borderRadius=10&gradientType=twoTones&hue=199&hueOffset=120&brightness=75&duration=5&hideControl=true","width":1920},"sync":0,"versioned_id":"browser_source","volume":1.0},{"balance":0.5,"deinterlace_field_order":0,"deinterlace_mode":0,"enabled":true,"filters":[{"balance":0.5,"deinterlace_field_order":0,"deinterlace_mode":0,"enabled":true,"flags":0,"hotkeys":{},"id":"color_filter","mixers":0,"monitoring_type":0,"muted":false,"name":"Corrections colorimétrique","prev_ver":469762051,"private_settings":{},"push-to-mute":false,"push-to-mute-delay":0,"push-to-talk":false,"push-to-talk-delay":0,"settings":{"opacity":0.40000000000000002},"sync":0,"versioned_id":"color_filter_v2","volume":1.0}],"flags":0,"hotkeys":{"OBSBasic.SelectScene":[],"libobs.hide_scene_item.P1-A1":[],"libobs.hide_scene_item.P1-A1-B":[],"libobs.hide_scene_item.P1-A2":[],"libobs.hide_scene_item.P1-A2-B":[],"libobs.hide_scene_item.P1-A3":[],"libobs.hide_scene_item.P1-A3-B":[],"libobs.hide_scene_item.P1-B1":[],"libobs.hide_scene_item.P1-B1-B":[],"libobs.hide_scene_item.P1-B2":[],"libobs.hide_scene_item.P1-B2-B":[],"libobs.hide_scene_item.P1-B3":[],"libobs.hide_scene_item.P1-B3-B":[],"libobs.hide_scene_item.P1-C1":[],"libobs.hide_scene_item.P1-C1-B":[],"libobs.hide_scene_item.P1-C2":[],"libobs.hide_scene_item.P1-C2-B":[],"libobs.hide_scene_item.P1-C3":[],"libobs.hide_scene_item.P1-C3-B":[],"libobs.hide_scene_item.P2-A1":[],"libobs.hide_scene_item.P2-A1-B":[],"libobs.hide_scene_item.P2-A2":[],"libobs.hide_scene_item.P2-A2-B":[],"libobs.hide_scene_item.P2-A3":[],"libobs.hide_scene_item.P2-A3-B":[],"libobs.hide_scene_item.P2-B1":[],"libobs.hide_scene_item.P2-B1-B":[],"libobs.hide_scene_item.P2-B2":[],"libobs.hide_scene_item.P2-B2-B":[],"libobs.hide_scene_item.P2-B3":[],"libobs.hide_scene_item.P2-B3-B":[],"libobs.hide_scene_item.P2-C1":[],"libobs.hide_scene_item.P2-C1-B":[],"libobs.hide_scene_item.P2-C2":[],"libobs.hide_scene_item.P2-C2-B":[],"libobs.hide_scene_item.P2-C3":[],"libobs.hide_scene_item.P2-C3-B":[],"libobs.hide_scene_item.TXT 1":[],"libobs.hide_scene_item.TXT 2":[],"libobs.hide_scene_item.TXT 3":[],"libobs.hide_scene_item.TXT A":[],"libobs.hide_scene_item.TXT B":[],"libobs.hide_scene_item.TXT C":[],"libobs.hide_scene_item.cadre morpion":[],"libobs.hide_scene_item.caseA1":[],"libobs.hide_scene_item.caseA2":[],"libobs.hide_scene_item.caseA3":[],"libobs.hide_scene_item.caseB1":[],"libobs.hide_scene_item.caseB2":[],"libobs.hide_scene_item.caseB3":[],"libobs.hide_scene_item.caseC1":[],"libobs.hide_scene_item.caseC2":[],"libobs.hide_scene_item.caseC3":[],"libobs.hide_scene_item.circle":[],"libobs.hide_scene_item.cross":[],"libobs.hide_scene_item.tictactoe_background":[],"libobs.show_scene_item.P1-A1":[],"libobs.show_scene_item.P1-A1-B":[],"libobs.show_scene_item.P1-A2":[],"libobs.show_scene_item.P1-A2-B":[],"libobs.show_scene_item.P1-A3":[],"libobs.show_scene_item.P1-A3-B":[],"libobs.show_scene_item.P1-B1":[],"libobs.show_scene_item.P1-B1-B":[],"libobs.show_scene_item.P1-B2":[],"libobs.show_scene_item.P1-B2-B":[],"libobs.show_scene_item.P1-B3":[],"libobs.show_scene_item.P1-B3-B":[],"libobs.show_scene_item.P1-C1":[],"libobs.show_scene_item.P1-C1-B":[],"libobs.show_scene_item.P1-C2":[],"libobs.show_scene_item.P1-C2-B":[],"libobs.show_scene_item.P1-C3":[],"libobs.show_scene_item.P1-C3-B":[],"libobs.show_scene_item.P2-A1":[],"libobs.show_scene_item.P2-A1-B":[],"libobs.show_scene_item.P2-A2":[],"libobs.show_scene_item.P2-A2-B":[],"libobs.show_scene_item.P2-A3":[],"libobs.show_scene_item.P2-A3-B":[],"libobs.show_scene_item.P2-B1":[],"libobs.show_scene_item.P2-B1-B":[],"libobs.show_scene_item.P2-B2":[],"libobs.show_scene_item.P2-B2-B":[],"libobs.show_scene_item.P2-B3":[],"libobs.show_scene_item.P2-B3-B":[],"libobs.show_scene_item.P2-C1":[],"libobs.show_scene_item.P2-C1-B":[],"libobs.show_scene_item.P2-C2":[],"libobs.show_scene_item.P2-C2-B":[],"libobs.show_scene_item.P2-C3":[],"libobs.show_scene_item.P2-C3-B":[],"libobs.show_scene_item.TXT 1":[],"libobs.show_scene_item.TXT 2":[],"libobs.show_scene_item.TXT 3":[],"libobs.show_scene_item.TXT A":[],"libobs.show_scene_item.TXT B":[],"libobs.show_scene_item.TXT C":[],"libobs.show_scene_item.cadre morpion":[],"libobs.show_scene_item.caseA1":[],"libobs.show_scene_item.caseA2":[],"libobs.show_scene_item.caseA3":[],"libobs.show_scene_item.caseB1":[],"libobs.show_scene_item.caseB2":[],"libobs.show_scene_item.caseB3":[],"libobs.show_scene_item.caseC1":[],"libobs.show_scene_item.caseC2":[],"libobs.show_scene_item.caseC3":[],"libobs.show_scene_item.circle":[],"libobs.show_scene_item.cross":[],"libobs.show_scene_item.tictactoe_background":[]},"id":"scene","mixers":0,"monitoring_type":0,"muted":false,"name":"[NS] Tic Tac Toe","prev_ver":469762051,"private_settings":{},"push-to-mute":false,"push-to-mute-delay":0,"push-to-talk":false,"push-to-talk-delay":0,"settings":{"custom_size":false,"id_counter":87,"items":[{"align":5,"blend_method":"default","blend_type":"normal","bounds":{"x":0.0,"y":0.0},"bounds_align":0,"bounds_type":0,"crop_bottom":0,"crop_left":0,"crop_right":0,"crop_top":0,"group_item_backup":false,"hide_transition":{"duration":0},"id":2,"locked":false,"name":"tictactoe_background","pos":{"x":493.5,"y":73.5},"private_settings":{},"rot":0.0,"scale":{"x":1.0,"y":1.0},"scale_filter":"disable","show_transition":{"duration":0},"visible":true},{"align":5,"blend_method":"default","blend_type":"normal","bounds":{"x":0.0,"y":0.0},"bounds_align":0,"bounds_type":0,"crop_bottom":0,"crop_left":0,"crop_right":0,"crop_top":0,"group_item_backup":false,"hide_transition":{"duration":0},"id":3,"locked":false,"name":"caseA1","pos":{"x":501.0,"y":83.0},"private_settings":{},"rot":0.0,"scale":{"x":1.0,"y":1.0},"scale_filter":"disable","show_transition":{"duration":0},"visible":true},{"align":5,"blend_method":"default","blend_type":"normal","bounds":{"x":0.0,"y":0.0},"bounds_align":0,"bounds_type":0,"crop_bottom":0,"crop_left":0,"crop_right":0,"crop_top":0,"group_item_backup":false,"hide_transition":{"duration":0},"id":4,"locked":false,"name":"caseA2","pos":{"x":809.0,"y":83.0},"private_settings":{},"rot":0.0,"scale":{"x":1.0,"y":1.0},"scale_filter":"disable","show_transition":{"duration":0},"visible":true},{"align":5,"blend_method":"default","blend_type":"normal","bounds":{"x":0.0,"y":0.0},"bounds_align":0,"bounds_type":0,"crop_bottom":0,"crop_left":0,"crop_right":0,"crop_top":0,"group_item_backup":false,"hide_transition":{"duration":0},"id":5,"locked":false,"name":"caseA3","pos":{"x":1117.0,"y":83.0},"private_settings":{},"rot":0.0,"scale":{"x":1.0,"y":1.0},"scale_filter":"disable","show_transition":{"duration":0},"visible":true},{"align":5,"blend_method":"default","blend_type":"normal","bounds":{"x":0.0,"y":0.0},"bounds_align":0,"bounds_type":0,"crop_bottom":0,"crop_left":0,"crop_right":0,"crop_top":0,"group_item_backup":false,"hide_transition":{"duration":0},"id":6,"locked":false,"name":"caseB1","pos":{"x":501.0,"y":390.0},"private_settings":{},"rot":0.0,"scale":{"x":1.0,"y":1.0},"scale_filter":"disable","show_transition":{"duration":0},"visible":true},{"align":5,"blend_method":"default","blend_type":"normal","bounds":{"x":0.0,"y":0.0},"bounds_align":0,"bounds_type":0,"crop_bottom":0,"crop_left":0,"crop_right":0,"crop_top":0,"group_item_backup":false,"hide_transition":{"duration":0},"id":7,"locked":false,"name":"caseB2","pos":{"x":809.0,"y":390.0},"private_settings":{},"rot":0.0,"scale":{"x":1.0,"y":1.0},"scale_filter":"disable","show_transition":{"duration":0},"visible":true},{"align":5,"blend_method":"default","blend_type":"normal","bounds":{"x":0.0,"y":0.0},"bounds_align":0,"bounds_type":0,"crop_bottom":0,"crop_left":0,"crop_right":0,"crop_top":0,"group_item_backup":false,"hide_transition":{"duration":0},"id":8,"locked":false,"name":"caseB3","pos":{"x":1117.0,"y":390.0},"private_settings":{},"rot":0.0,"scale":{"x":1.0,"y":1.0},"scale_filter":"disable","show_transition":{"duration":0},"visible":true},{"align":5,"blend_method":"default","blend_type":"normal","bounds":{"x":0.0,"y":0.0},"bounds_align":0,"bounds_type":0,"crop_bottom":0,"crop_left":0,"crop_right":0,"crop_top":0,"group_item_backup":false,"hide_transition":{"duration":0},"id":9,"locked":false,"name":"caseC1","pos":{"x":501.0,"y":697.0},"private_settings":{},"rot":0.0,"scale":{"x":1.0,"y":1.0},"scale_filter":"disable","show_transition":{"duration":0},"visible":true},{"align":5,"blend_method":"default","blend_type":"normal","bounds":{"x":0.0,"y":0.0},"bounds_align":0,"bounds_type":0,"crop_bottom":0,"crop_left":0,"crop_right":0,"crop_top":0,"group_item_backup":false,"hide_transition":{"duration":0},"id":10,"locked":false,"name":"caseC2","pos":{"x":809.0,"y":697.0},"private_settings":{},"rot":0.0,"scale":{"x":1.0,"y":1.0},"scale_filter":"disable","show_transition":{"duration":0},"visible":true},{"align":5,"blend_method":"default","blend_type":"normal","bounds":{"x":0.0,"y":0.0},"bounds_align":0,"bounds_type":0,"crop_bottom":0,"crop_left":0,"crop_right":0,"crop_top":0,"group_item_backup":false,"hide_transition":{"duration":0},"id":11,"locked":false,"name":"caseC3","pos":{"x":1117.0,"y":697.0},"private_settings":{},"rot":0.0,"scale":{"x":1.0,"y":1.0},"scale_filter":"disable","show_transition":{"duration":0},"visible":true},{"align":5,"blend_method":"default","blend_type":"normal","bounds":{"x":0.0,"y":0.0},"bounds_align":0,"bounds_type":0,"crop_bottom":0,"crop_left":0,"crop_right":0,"crop_top":0,"group_item_backup":false,"hide_transition":{"duration":0},"id":49,"locked":false,"name":"P1-A1-B","pos":{"x":501.0,"y":83.0},"private_settings":{},"rot":0.0,"scale":{"x":1.0,"y":1.0},"scale_filter":"disable","show_transition":{"duration":0},"visible":true},{"align":5,"blend_method":"default","blend_type":"normal","bounds":{"x":0.0,"y":0.0},"bounds_align":0,"bounds_type":0,"crop_bottom":0,"crop_left":0,"crop_right":0,"crop_top":0,"group_item_backup":false,"hide_transition":{"duration":0},"id":50,"locked":false,"name":"P2-A1-B","pos":{"x":501.0,"y":83.0},"private_settings":{},"rot":0.0,"scale":{"x":1.0,"y":1.0},"scale_filter":"disable","show_transition":{"duration":0},"visible":true},{"align":5,"blend_method":"default","blend_type":"normal","bounds":{"x":0.0,"y":0.0},"bounds_align":0,"bounds_type":0,"crop_bottom":0,"crop_left":0,"crop_right":0,"crop_top":0,"group_item_backup":false,"hide_transition":{"duration":0},"id":51,"locked":false,"name":"P1-A2-B","pos":{"x":501.0,"y":390.0},"private_settings":{},"rot":0.0,"scale":{"x":1.0,"y":1.0},"scale_filter":"disable","show_transition":{"duration":0},"visible":true},{"align":5,"blend_method":"default","blend_type":"normal","bounds":{"x":0.0,"y":0.0},"bounds_align":0,"bounds_type":0,"crop_bottom":0,"crop_left":0,"crop_right":0,"crop_top":0,"group_item_backup":false,"hide_transition":{"duration":0},"id":52,"locked":false,"name":"P2-A2-B","pos":{"x":502.0,"y":390.0},"private_settings":{},"rot":0.0,"scale":{"x":1.0,"y":1.0},"scale_filter":"disable","show_transition":{"duration":0},"visible":true},{"align":5,"blend_method":"default","blend_type":"normal","bounds":{"x":0.0,"y":0.0},"bounds_align":0,"bounds_type":0,"crop_bottom":0,"crop_left":0,"crop_right":0,"crop_top":0,"group_item_backup":false,"hide_transition":{"duration":0},"id":53,"locked":false,"name":"P1-A3-B","pos":{"x":500.0,"y":697.0},"private_settings":{},"rot":0.0,"scale":{"x":1.0,"y":1.0},"scale_filter":"disable","show_transition":{"duration":0},"visible":true},{"align":5,"blend_method":"default","blend_type":"normal","bounds":{"x":0.0,"y":0.0},"bounds_align":0,"bounds_type":0,"crop_bottom":0,"crop_left":0,"crop_right":0,"crop_top":0,"group_item_backup":false,"hide_transition":{"duration":0},"id":55,"locked":false,"name":"P2-A3-B","pos":{"x":501.0,"y":697.0},"private_settings":{},"rot":0.0,"scale":{"x":1.0,"y":1.0},"scale_filter":"disable","show_transition":{"duration":0},"visible":true},{"align":5,"blend_method":"default","blend_type":"normal","bounds":{"x":0.0,"y":0.0},"bounds_align":0,"bounds_type":0,"crop_bottom":0,"crop_left":0,"crop_right":0,"crop_top":0,"group_item_backup":false,"hide_transition":{"duration":0},"id":56,"locked":false,"name":"P1-B1-B","pos":{"x":809.0,"y":83.0},"private_settings":{},"rot":0.0,"scale":{"x":1.0,"y":1.0},"scale_filter":"disable","show_transition":{"duration":0},"visible":true},{"align":5,"blend_method":"default","blend_type":"normal","bounds":{"x":0.0,"y":0.0},"bounds_align":0,"bounds_type":0,"crop_bottom":0,"crop_left":0,"crop_right":0,"crop_top":0,"group_item_backup":false,"hide_transition":{"duration":0},"id":57,"locked":false,"name":"P2-B1-B","pos":{"x":807.0,"y":84.0},"private_settings":{},"rot":0.0,"scale":{"x":1.0,"y":1.0},"scale_filter":"disable","show_transition":{"duration":0},"visible":true},{"align":5,"blend_method":"default","blend_type":"normal","bounds":{"x":0.0,"y":0.0},"bounds_align":0,"bounds_type":0,"crop_bottom":0,"crop_left":0,"crop_right":0,"crop_top":0,"group_item_backup":false,"hide_transition":{"duration":0},"id":58,"locked":false,"name":"P1-B2-B","pos":{"x":809.0,"y":390.0},"private_settings":{},"rot":0.0,"scale":{"x":1.0,"y":1.0},"scale_filter":"disable","show_transition":{"duration":0},"visible":true},{"align":5,"blend_method":"default","blend_type":"normal","bounds":{"x":0.0,"y":0.0},"bounds_align":0,"bounds_type":0,"crop_bottom":0,"crop_left":0,"crop_right":0,"crop_top":0,"group_item_backup":false,"hide_transition":{"duration":0},"id":59,"locked":false,"name":"P2-B2-B","pos":{"x":809.0,"y":390.0},"private_settings":{},"rot":0.0,"scale":{"x":1.0,"y":1.0},"scale_filter":"disable","show_transition":{"duration":0},"visible":true},{"align":5,"blend_method":"default","blend_type":"normal","bounds":{"x":0.0,"y":0.0},"bounds_align":0,"bounds_type":0,"crop_bottom":0,"crop_left":0,"crop_right":0,"crop_top":0,"group_item_backup":false,"hide_transition":{"duration":0},"id":60,"locked":false,"name":"P1-B3-B","pos":{"x":809.0,"y":697.0},"private_settings":{},"rot":0.0,"scale":{"x":1.0,"y":1.0},"scale_filter":"disable","show_transition":{"duration":0},"visible":true},{"align":5,"blend_method":"default","blend_type":"normal","bounds":{"x":0.0,"y":0.0},"bounds_align":0,"bounds_type":0,"crop_bottom":0,"crop_left":0,"crop_right":0,"crop_top":0,"group_item_backup":false,"hide_transition":{"duration":0},"id":61,"locked":false,"name":"P2-B3-B","pos":{"x":809.0,"y":697.0},"private_settings":{},"rot":0.0,"scale":{"x":1.0,"y":1.0},"scale_filter":"disable","show_transition":{"duration":0},"visible":true},{"align":5,"blend_method":"default","blend_type":"normal","bounds":{"x":0.0,"y":0.0},"bounds_align":0,"bounds_type":0,"crop_bottom":0,"crop_left":0,"crop_right":0,"crop_top":0,"group_item_backup":false,"hide_transition":{"duration":0},"id":62,"locked":false,"name":"P1-C1-B","pos":{"x":1117.0,"y":83.0},"private_settings":{},"rot":0.0,"scale":{"x":1.0,"y":1.0},"scale_filter":"disable","show_transition":{"duration":0},"visible":true},{"align":5,"blend_method":"default","blend_type":"normal","bounds":{"x":0.0,"y":0.0},"bounds_align":0,"bounds_type":0,"crop_bottom":0,"crop_left":0,"crop_right":0,"crop_top":0,"group_item_backup":false,"hide_transition":{"duration":0},"id":64,"locked":false,"name":"P2-C1-B","pos":{"x":1116.0,"y":83.0},"private_settings":{},"rot":0.0,"scale":{"x":1.0,"y":1.0},"scale_filter":"disable","show_transition":{"duration":0},"visible":true},{"align":5,"blend_method":"default","blend_type":"normal","bounds":{"x":0.0,"y":0.0},"bounds_align":0,"bounds_type":0,"crop_bottom":0,"crop_left":0,"crop_right":0,"crop_top":0,"group_item_backup":false,"hide_transition":{"duration":0},"id":65,"locked":false,"name":"P1-C2-B","pos":{"x":1117.0,"y":390.0},"private_settings":{},"rot":0.0,"scale":{"x":1.0,"y":1.0},"scale_filter":"disable","show_transition":{"duration":0},"visible":true},{"align":5,"blend_method":"default","blend_type":"normal","bounds":{"x":0.0,"y":0.0},"bounds_align":0,"bounds_type":0,"crop_bottom":0,"crop_left":0,"crop_right":0,"crop_top":0,"group_item_backup":false,"hide_transition":{"duration":0},"id":63,"locked":false,"name":"P2-C2-B","pos":{"x":1117.0,"y":390.0},"private_settings":{},"rot":0.0,"scale":{"x":1.0,"y":1.0},"scale_filter":"disable","show_transition":{"duration":0},"visible":true},{"align":5,"blend_method":"default","blend_type":"normal","bounds":{"x":0.0,"y":0.0},"bounds_align":0,"bounds_type":0,"crop_bottom":0,"crop_left":0,"crop_right":0,"crop_top":0,"group_item_backup":false,"hide_transition":{"duration":0},"id":66,"locked":false,"name":"P1-C3-B","pos":{"x":1117.0,"y":697.0},"private_settings":{},"rot":0.0,"scale":{"x":1.0,"y":1.0},"scale_filter":"disable","show_transition":{"duration":0},"visible":true},{"align":5,"blend_method":"default","blend_type":"normal","bounds":{"x":0.0,"y":0.0},"bounds_align":0,"bounds_type":0,"crop_bottom":0,"crop_left":0,"crop_right":0,"crop_top":0,"group_item_backup":false,"hide_transition":{"duration":0},"id":67,"locked":false,"name":"P2-C3-B","pos":{"x":1115.0,"y":695.0},"private_settings":{},"rot":0.0,"scale":{"x":0.99666666984558105,"y":0.99666666984558105},"scale_filter":"disable","show_transition":{"duration":0},"visible":true},{"align":5,"blend_method":"default","blend_type":"normal","bounds":{"x":0.0,"y":0.0},"bounds_align":0,"bounds_type":0,"crop_bottom":0,"crop_left":0,"crop_right":0,"crop_top":0,"group_item_backup":false,"hide_transition":{"duration":0},"id":22,"locked":false,"name":"TXT A","pos":{"x":634.0,"y":7.0},"private_settings":{},"rot":0.0,"scale":{"x":1.0,"y":1.0},"scale_filter":"disable","show_transition":{"duration":0},"visible":true},{"align":5,"blend_method":"default","blend_type":"normal","bounds":{"x":0.0,"y":0.0},"bounds_align":0,"bounds_type":0,"crop_bottom":0,"crop_left":0,"crop_right":0,"crop_top":0,"group_item_backup":false,"hide_transition":{"duration":0},"id":23,"locked":false,"name":"TXT B","pos":{"x":939.0,"y":7.0},"private_settings":{},"rot":0.0,"scale":{"x":1.0,"y":1.0},"scale_filter":"disable","show_transition":{"duration":0},"visible":true},{"align":5,"blend_method":"default","blend_type":"normal","bounds":{"x":0.0,"y":0.0},"bounds_align":0,"bounds_type":0,"crop_bottom":0,"crop_left":0,"crop_right":0,"crop_top":0,"group_item_backup":false,"hide_transition":{"duration":0},"id":24,"locked":false,"name":"TXT C","pos":{"x":1241.0,"y":7.0},"private_settings":{},"rot":0.0,"scale":{"x":1.0,"y":1.0},"scale_filter":"disable","show_transition":{"duration":0},"visible":true},{"align":5,"blend_method":"default","blend_type":"normal","bounds":{"x":0.0,"y":0.0},"bounds_align":0,"bounds_type":0,"crop_bottom":0,"crop_left":0,"crop_right":0,"crop_top":0,"group_item_backup":false,"hide_transition":{"duration":0},"id":25,"locked":false,"name":"TXT 1","pos":{"x":449.0,"y":183.0},"private_settings":{},"rot":0.0,"scale":{"x":1.0,"y":1.0},"scale_filter":"disable","show_transition":{"duration":0},"visible":true},{"align":5,"blend_method":"default","blend_type":"normal","bounds":{"x":0.0,"y":0.0},"bounds_align":0,"bounds_type":0,"crop_bottom":0,"crop_left":0,"crop_right":0,"crop_top":0,"group_item_backup":false,"hide_transition":{"duration":0},"id":26,"locked":false,"name":"TXT 2","pos":{"x":444.0,"y":498.0},"private_settings":{},"rot":0.0,"scale":{"x":1.0,"y":1.0},"scale_filter":"disable","show_transition":{"duration":0},"visible":true},{"align":5,"blend_method":"default","blend_type":"normal","bounds":{"x":0.0,"y":0.0},"bounds_align":0,"bounds_type":0,"crop_bottom":0,"crop_left":0,"crop_right":0,"crop_top":0,"group_item_backup":false,"hide_transition":{"duration":0},"id":27,"locked":false,"name":"TXT 3","pos":{"x":442.0,"y":801.0},"private_settings":{},"rot":0.0,"scale":{"x":1.0,"y":1.0},"scale_filter":"disable","show_transition":{"duration":0},"visible":true},{"align":5,"blend_method":"default","blend_type":"normal","bounds":{"x":0.0,"y":0.0},"bounds_align":0,"bounds_type":0,"crop_bottom":0,"crop_left":0,"crop_right":0,"crop_top":0,"group_item_backup":false,"hide_transition":{"duration":0},"id":45,"locked":true,"name":"cross","pos":{"x":532.0,"y":-275.0},"private_settings":{},"rot":0.0,"scale":{"x":1.0,"y":1.0},"scale_filter":"disable","show_transition":{"duration":0},"visible":true},{"align":5,"blend_method":"default","blend_type":"normal","bounds":{"x":0.0,"y":0.0},"bounds_align":0,"bounds_type":0,"crop_bottom":0,"crop_left":0,"crop_right":0,"crop_top":0,"group_item_backup":false,"hide_transition":{"duration":0},"id":46,"locked":true,"name":"circle","pos":{"x":1164.0,"y":-270.0},"private_settings":{},"rot":0.0,"scale":{"x":1.0,"y":1.0},"scale_filter":"disable","show_transition":{"duration":0},"visible":true},{"align":5,"blend_method":"default","blend_type":"normal","bounds":{"x":1.0,"y":1.0},"bounds_align":0,"bounds_type":0,"crop_bottom":0,"crop_left":0,"crop_right":0,"crop_top":0,"group_item_backup":false,"hide_transition":{"duration":0},"id":70,"locked":false,"name":"P1-C3","pos":{"x":1124.0,"y":702.0},"private_settings":{},"rot":0.0,"scale":{"x":1.1450381278991699,"y":1.1811023950576782},"scale_filter":"disable","show_transition":{"duration":0},"visible":false},{"align":5,"blend_method":"default","blend_type":"normal","bounds":{"x":1.0,"y":1.0},"bounds_align":0,"bounds_type":0,"crop_bottom":0,"crop_left":0,"crop_right":0,"crop_top":0,"group_item_backup":false,"hide_transition":{"duration":0},"id":72,"locked":false,"name":"P1-C2","pos":{"x":1124.0,"y":394.0},"private_settings":{},"rot":0.0,"scale":{"x":1.1450381278991699,"y":1.1811023950576782},"scale_filter":"disable","show_transition":{"duration":0},"visible":false},{"align":5,"blend_method":"default","blend_type":"normal","bounds":{"x":1.0,"y":1.0},"bounds_align":0,"bounds_type":0,"crop_bottom":0,"crop_left":0,"crop_right":0,"crop_top":0,"group_item_backup":false,"hide_transition":{"duration":0},"id":73,"locked":false,"name":"P1-C1","pos":{"x":1124.0,"y":88.0},"private_settings":{},"rot":0.0,"scale":{"x":1.1450381278991699,"y":1.1811023950576782},"scale_filter":"disable","show_transition":{"duration":0},"visible":false},{"align":5,"blend_method":"default","blend_type":"normal","bounds":{"x":1.0,"y":1.0},"bounds_align":0,"bounds_type":0,"crop_bottom":0,"crop_left":0,"crop_right":0,"crop_top":0,"group_item_backup":false,"hide_transition":{"duration":0},"id":74,"locked":false,"name":"P1-B1","pos":{"x":815.0,"y":88.0},"private_settings":{},"rot":0.0,"scale":{"x":1.1450381278991699,"y":1.1811023950576782},"scale_filter":"disable","show_transition":{"duration":0},"visible":false},{"align":5,"blend_method":"default","blend_type":"normal","bounds":{"x":1.0,"y":1.0},"bounds_align":0,"bounds_type":0,"crop_bottom":0,"crop_left":0,"crop_right":0,"crop_top":0,"group_item_backup":false,"hide_transition":{"duration":0},"id":75,"locked":false,"name":"P1-A1","pos":{"x":504.0,"y":88.0},"private_settings":{},"rot":0.0,"scale":{"x":1.1450381278991699,"y":1.1811023950576782},"scale_filter":"disable","show_transition":{"duration":0},"visible":false},{"align":5,"blend_method":"default","blend_type":"normal","bounds":{"x":1.0,"y":1.0},"bounds_align":0,"bounds_type":0,"crop_bottom":0,"crop_left":0,"crop_right":0,"crop_top":0,"group_item_backup":false,"hide_transition":{"duration":0},"id":76,"locked":false,"name":"P1-B2","pos":{"x":817.0,"y":395.0},"private_settings":{},"rot":0.0,"scale":{"x":1.1450381278991699,"y":1.1811023950576782},"scale_filter":"disable","show_transition":{"duration":0},"visible":false},{"align":5,"blend_method":"default","blend_type":"normal","bounds":{"x":1.0,"y":1.0},"bounds_align":0,"bounds_type":0,"crop_bottom":0,"crop_left":0,"crop_right":0,"crop_top":0,"group_item_backup":false,"hide_transition":{"duration":0},"id":77,"locked":false,"name":"P1-B3","pos":{"x":820.0,"y":699.0},"private_settings":{},"rot":0.0,"scale":{"x":1.1450381278991699,"y":1.1811023950576782},"scale_filter":"disable","show_transition":{"duration":0},"visible":false},{"align":5,"blend_method":"default","blend_type":"normal","bounds":{"x":1.0,"y":1.0},"bounds_align":0,"bounds_type":0,"crop_bottom":0,"crop_left":0,"crop_right":0,"crop_top":0,"group_item_backup":false,"hide_transition":{"duration":0},"id":78,"locked":false,"name":"P1-A2","pos":{"x":504.0,"y":395.0},"private_settings":{},"rot":0.0,"scale":{"x":1.1450381278991699,"y":1.1811023950576782},"scale_filter":"disable","show_transition":{"duration":0},"visible":false},{"align":5,"blend_method":"default","blend_type":"normal","bounds":{"x":1.0,"y":1.0},"bounds_align":0,"bounds_type":0,"crop_bottom":0,"crop_left":0,"crop_right":0,"crop_top":0,"group_item_backup":false,"hide_transition":{"duration":0},"id":79,"locked":false,"name":"P1-A3","pos":{"x":508.0,"y":698.0},"private_settings":{},"rot":0.0,"scale":{"x":1.1450381278991699,"y":1.1811023950576782},"scale_filter":"disable","show_transition":{"duration":0},"visible":false},{"align":5,"blend_method":"default","blend_type":"normal","bounds":{"x":1.0,"y":1.0},"bounds_align":0,"bounds_type":0,"crop_bottom":0,"crop_left":0,"crop_right":0,"crop_top":0,"group_item_backup":false,"hide_transition":{"duration":0},"id":69,"locked":false,"name":"P2-C3","pos":{"x":1117.0,"y":698.0},"private_settings":{},"rot":0.0,"scale":{"x":1.1450381278991699,"y":1.1811023950576782},"scale_filter":"disable","show_transition":{"duration":0},"visible":false},{"align":5,"blend_method":"default","blend_type":"normal","bounds":{"x":1.0,"y":1.0},"bounds_align":0,"bounds_type":0,"crop_bottom":0,"crop_left":0,"crop_right":0,"crop_top":0,"group_item_backup":false,"hide_transition":{"duration":0},"id":71,"locked":false,"name":"P2-C2","pos":{"x":1116.0,"y":391.0},"private_settings":{},"rot":0.0,"scale":{"x":1.1450381278991699,"y":1.1811023950576782},"scale_filter":"disable","show_transition":{"duration":0},"visible":false},{"align":5,"blend_method":"default","blend_type":"normal","bounds":{"x":1.0,"y":1.0},"bounds_align":0,"bounds_type":0,"crop_bottom":0,"crop_left":0,"crop_right":0,"crop_top":0,"group_item_backup":false,"hide_transition":{"duration":0},"id":80,"locked":false,"name":"P2-C1","pos":{"x":1116.0,"y":84.0},"private_settings":{},"rot":0.0,"scale":{"x":1.1450381278991699,"y":1.1811023950576782},"scale_filter":"disable","show_transition":{"duration":0},"visible":false},{"align":5,"blend_method":"default","blend_type":"normal","bounds":{"x":1.0,"y":1.0},"bounds_align":0,"bounds_type":0,"crop_bottom":0,"crop_left":0,"crop_right":0,"crop_top":0,"group_item_backup":false,"hide_transition":{"duration":0},"id":82,"locked":false,"name":"P2-B1","pos":{"x":809.0,"y":84.0},"private_settings":{},"rot":0.0,"scale":{"x":1.1450381278991699,"y":1.1811023950576782},"scale_filter":"disable","show_transition":{"duration":0},"visible":false},{"align":5,"blend_method":"default","blend_type":"normal","bounds":{"x":1.0,"y":1.0},"bounds_align":0,"bounds_type":0,"crop_bottom":0,"crop_left":0,"crop_right":0,"crop_top":0,"group_item_backup":false,"hide_transition":{"duration":0},"id":83,"locked":false,"name":"P2-B2","pos":{"x":809.0,"y":390.0},"private_settings":{},"rot":0.0,"scale":{"x":1.1450381278991699,"y":1.1811023950576782},"scale_filter":"disable","show_transition":{"duration":0},"visible":false},{"align":5,"blend_method":"default","blend_type":"normal","bounds":{"x":1.0,"y":1.0},"bounds_align":0,"bounds_type":0,"crop_bottom":0,"crop_left":0,"crop_right":0,"crop_top":0,"group_item_backup":false,"hide_transition":{"duration":0},"id":84,"locked":false,"name":"P2-B3","pos":{"x":809.0,"y":699.0},"private_settings":{},"rot":0.0,"scale":{"x":1.1450381278991699,"y":1.1811023950576782},"scale_filter":"disable","show_transition":{"duration":0},"visible":false},{"align":5,"blend_method":"default","blend_type":"normal","bounds":{"x":1.0,"y":1.0},"bounds_align":0,"bounds_type":0,"crop_bottom":0,"crop_left":0,"crop_right":0,"crop_top":0,"group_item_backup":false,"hide_transition":{"duration":0},"id":85,"locked":false,"name":"P2-A3","pos":{"x":501.0,"y":699.0},"private_settings":{},"rot":0.0,"scale":{"x":1.1450381278991699,"y":1.1811023950576782},"scale_filter":"disable","show_transition":{"duration":0},"visible":false},{"align":5,"blend_method":"default","blend_type":"normal","bounds":{"x":1.0,"y":1.0},"bounds_align":0,"bounds_type":0,"crop_bottom":0,"crop_left":0,"crop_right":0,"crop_top":0,"group_item_backup":false,"hide_transition":{"duration":0},"id":86,"locked":false,"name":"P2-A2","pos":{"x":501.0,"y":391.0},"private_settings":{},"rot":0.0,"scale":{"x":1.1450381278991699,"y":1.1811023950576782},"scale_filter":"disable","show_transition":{"duration":0},"visible":false},{"align":5,"blend_method":"default","blend_type":"normal","bounds":{"x":1.0,"y":1.0},"bounds_align":0,"bounds_type":0,"crop_bottom":0,"crop_left":0,"crop_right":0,"crop_top":0,"group_item_backup":false,"hide_transition":{"duration":0},"id":87,"locked":false,"name":"P2-A1","pos":{"x":501.0,"y":84.0},"private_settings":{},"rot":0.0,"scale":{"x":1.1450381278991699,"y":1.1811023950576782},"scale_filter":"disable","show_transition":{"duration":0},"visible":false},{"align":5,"blend_method":"default","blend_type":"normal","bounds":{"x":0.0,"y":0.0},"bounds_align":0,"bounds_type":0,"crop_bottom":128,"crop_left":314,"crop_right":665,"crop_top":11,"group_item_backup":false,"hide_transition":{"duration":0},"id":68,"locked":false,"name":"cadre morpion","pos":{"x":484.0,"y":67.0},"private_settings":{},"rot":0.0,"scale":{"x":1.0042872428894043,"y":1.0042872428894043},"scale_filter":"disable","show_transition":{"duration":0},"visible":true}],"notes":"<!DOCTYPE HTML PUBLIC \"-//W3C//DTD HTML 4.0//EN\" \"http://www.w3.org/TR/REC-html40/strict.dtd\">\n<html><head><meta name=\"qrichtext\" content=\"1\" /><style type=\"text/css\">\np, li { white-space: pre-wrap; }\n</style></head><body style=\" font-family:'MS Shell Dlg 2'; font-size:8.25pt; font-weight:400; font-style:normal;\">\n<p style=\"-qt-paragraph-type:empty; margin-top:0px; margin-bottom:0px; margin-left:0px; margin-right:0px; -qt-block-indent:0; text-indent:0px;\"><br /></p></body></html>"},"sync":0,"versioned_id":"scene","volume":1.0}]}